date,rank,code,name,close,change_pct,value_traded
2026-06-15,1,MU,マイクロン・テクノロジー,1087.99,10.84,48100000000
2026-06-15,2,SPCX,スペース・エクスプロレーション・テク,192.5,19.6,45000000000
2026-06-15,3,NVDA,エヌビディア,212.45,3.54,31600000000
2026-06-15,4,SNDK,サンディスク,2107.86,6.45,19000000000
2026-06-15,5,TSLA,テスラ,411.15,1.16,18700000000
2026-06-15,6,AMD,アドバンスト・マイクロ・デバイセズ,547.26,6.98,18300000000
2026-06-15,7,INTC,インテル,127.86,2.64,17200000000
2026-06-15,8,MRVL,マーベル・テクノロジー,308.88,10.43,16500000000
2026-06-15,9,AAPL,アップル,296.42,1.82,13500000000
2026-06-15,10,MSFT,マイクロソフト,399.76,2.31,12800000000
2026-06-15,11,AVGO,ブロードコム,393.94,3.11,12700000000
2026-06-15,12,META,メタ・プラットフォームズ,593.48,4.67,10400000000
2026-06-15,13,GOOGL,アルファベット,369.35,2.69,10200000000
2026-06-15,14,AMZN,アマゾン・ドット・コム,246.02,3.13,10200000000
2026-06-15,15,AMAT,アプライド・マテリアルズ,585.78,3.27,6900000000
2026-06-15,16,GOOG,アルファベット,367.11,2.5,6300000000
2026-06-15,17,WDC,ウエスタン・デジタル,653.53,16.1,6100000000
2026-06-15,18,STX,シーゲイト・テクノロジー・ホールディ,1018.8,9.43,5800000000
2026-06-15,19,ARM,ARMホールディングス,412.55,8.33,5600000000
2026-06-15,20,PLTR,パランティア・テクノロジーズ,134.71,5.25,5600000000
2026-06-15,21,LRCX,ラム・リサーチ,388.92,6.03,5200000000
2026-06-15,22,LITE,ルメンタム・ホールディングス,957.24,3.87,5000000000
2026-06-15,23,TSM,台湾積体電路製造股分有限公司,441.4,4.12,4900000000
2026-06-15,24,KLAC,ケー・エル・エー,256.42,0.74,4700000000
2026-06-15,25,ASML,ASMLホールディング,1892.66,1.56,4400000000
2026-06-17,1,MU,マイクロン・テクノロジー,1043.19,2.2,47900000000
2026-06-17,2,SPCX,スペース・エクスプロレーション・テク,191.82,-4.95,39400000000
2026-06-17,3,NVDA,エヌビディア,204.65,-1.33,26100000000
2026-06-17,4,SNDK,サンディスク,1958.8,-1.64,18100000000
2026-06-17,5,TSLA,テスラ,396.38,-2.05,17300000000
2026-06-17,6,MSFT,マイクロソフト,378.91,-3.79,16000000000
2026-06-17,7,AVGO,ブロードコム,392.9,4.3,15400000000
2026-06-17,8,MRVL,マーベル・テクノロジー,289.54,3.9,14800000000
2026-06-17,9,AMD,アドバンスト・マイクロ・デバイセズ,512.48,1.02,14000000000
2026-06-17,10,INTC,インテル,121.1,3.46,13800000000
2026-06-17,11,AAPL,アップル,295.95,-1.1,12700000000
2026-06-17,12,META,メタ・プラットフォームズ,567.58,-5.44,11500000000
2026-06-17,13,AMZN,アマゾン・ドット・コム,237.5,-3.46,10700000000
2026-06-17,14,WDC,ウエスタン・デジタル,712.13,4.56,9600000000
2026-06-17,15,GOOGL,アルファベット,363.79,-2.53,8800000000
2026-06-17,16,HOOD,ロビンフッド・マーケッツ,105.2,8.78,7500000000
2026-06-17,17,NBIS,ネビウス・グループ,280.91,5.96,6900000000
2026-06-17,18,AMAT,アプライド・マテリアルズ,592.92,4.35,6700000000
2026-06-17,19,GOOG,アルファベット,362.1,-2.43,5800000000
2026-06-17,20,ARM,ARMホールディングス,418.88,5.69,4900000000
2026-06-17,21,STX,シーゲイト・テクノロジー・ホールディ,1066.07,3.37,4900000000
2026-06-17,22,TSM,台湾積体電路製造股分有限公司,432.15,1.48,4700000000
2026-06-17,23,ASML,ASMLホールディング,1867.83,3.54,4400000000
2026-06-17,24,PLTR,パランティア・テクノロジーズ,130.63,-1.97,4300000000
2026-06-17,25,LITE,ルメンタム・ホールディングス,869.98,-0.61,4200000000
2026-06-18,1,MRVL,マーベル・テクノロジー,310.58,7.27,78600000000
2026-06-18,2,MU,マイクロン・テクノロジー,1133.99,8.7,71900000000
2026-06-18,3,NVDA,エヌビディア,210.69,2.95,50000000000
2026-06-18,4,SPCX,スペース・エクスプロレーション・テク,185.0,-3.56,49100000000
2026-06-18,5,INTC,インテル,133.99,10.64,30700000000
2026-06-18,6,SNDK,サンディスク,2184.75,11.54,26000000000
2026-06-18,7,AAPL,アップル,298.01,0.7,25500000000
2026-06-18,8,AMD,アドバンスト・マイクロ・デバイセズ,537.37,4.86,23400000000
2026-06-18,9,TSLA,テスラ,400.49,1.04,22900000000
2026-06-18,10,MSFT,マイクロソフト,379.4,0.13,22400000000
2026-06-18,11,AVGO,ブロードコム,411.35,4.7,18500000000
2026-06-18,12,AMZN,アマゾン・ドット・コム,244.39,2.9,18000000000
2026-06-18,13,GOOGL,アルファベット,368.03,1.17,16300000000
2026-06-18,14,META,メタ・プラットフォームズ,577.22,1.7,16200000000
2026-06-18,15,ARM,ARMホールディングス,439.46,4.91,15000000000
2026-06-18,16,WDC,ウエスタン・デジタル,746.23,4.79,12600000000
2026-06-18,17,FLEX,フレックス,147.61,3.13,11900000000
2026-06-18,18,TSM,台湾積体電路製造股分有限公司,462.12,6.94,11800000000
2026-06-18,19,GOOG,アルファベット,367.46,1.48,10700000000
2026-06-18,20,QCOM,クアルコム,226.11,6.17,10600000000
2026-06-18,21,NBIS,ネビウス・グループ,286.69,2.06,10400000000
2026-06-18,22,AMAT,アプライド・マテリアルズ,617.11,4.08,10400000000
2026-06-18,23,ALAB,アステラ・ラブズ,417.07,11.31,9400000000
2026-06-18,24,STX,シーゲイト・テクノロジー・ホールディ,1070.23,0.39,9100000000
2026-06-18,25,CRM,セールスフォース,151.78,-2.09,8500000000
2026-06-19,1,MRVL,マーベル・テクノロジー,310.58,7.27,78700000000
2026-06-19,2,MU,マイクロン・テクノロジー,1133.99,8.7,72400000000
2026-06-19,3,NVDA,エヌビディア,210.69,2.95,50500000000
2026-06-19,4,SPCX,スペース・エクスプロレーション・テク,185.0,-3.56,49200000000
2026-06-19,5,INTC,インテル,133.99,10.64,31000000000
2026-06-19,6,SNDK,サンディスク,2184.75,11.54,26200000000
2026-06-19,7,AAPL,アップル,298.01,0.7,25600000000
2026-06-19,8,AMD,アドバンスト・マイクロ・デバイセズ,537.37,4.86,23400000000
2026-06-19,9,TSLA,テスラ,400.49,1.04,23000000000
2026-06-19,10,MSFT,マイクロソフト,379.4,0.13,22600000000
2026-06-19,11,AVGO,ブロードコム,411.35,4.7,18500000000
2026-06-19,12,AMZN,アマゾン・ドット・コム,244.39,2.9,18300000000
2026-06-19,13,META,メタ・プラットフォームズ,577.22,1.7,16600000000
2026-06-19,14,GOOGL,アルファベット,368.03,1.17,16300000000
2026-06-19,15,ARM,ARMホールディングス,439.46,4.91,15000000000
2026-06-19,16,WDC,ウエスタン・デジタル,746.23,4.79,12700000000
2026-06-19,17,FLEX,フレックス,147.61,3.13,11900000000
2026-06-19,18,TSM,台湾積体電路製造股分有限公司,462.12,6.94,11800000000
2026-06-19,19,GOOG,アルファベット,367.46,1.48,10700000000
2026-06-19,20,QCOM,クアルコム,226.11,6.17,10600000000
2026-06-19,21,NBIS,ネビウス・グループ,286.69,2.06,10500000000
2026-06-19,22,AMAT,アプライド・マテリアルズ,617.11,4.08,10400000000
2026-06-19,23,ALAB,アステラ・ラブズ,417.07,11.31,9400000000
2026-06-19,24,STX,シーゲイト・テクノロジー・ホールディ,1070.23,0.39,9100000000
2026-06-19,25,LRCX,ラム・リサーチ,389.04,3.97,8900000000
2026-06-22,1,MU,マイクロン・テクノロジー,1211.38,6.82,62300000000
2026-06-22,2,SPCX,スペース・エクスプロレーション・テク,154.6,-16.43,27300000000
2026-06-22,3,NVDA,エヌビディア,208.65,-0.97,25500000000
2026-06-22,4,SNDK,サンディスク,2273.73,4.07,22800000000
2026-06-22,5,TSLA,テスラ,405.05,1.14,19400000000
2026-06-22,6,GOOGL,アルファベット,349.68,-4.99,18200000000
2026-06-22,7,INTC,インテル,140.94,5.19,17200000000
2026-06-22,8,MSFT,マイクロソフト,367.34,-3.18,16400000000
2026-06-22,9,AMZN,アマゾン・ドット・コム,232.79,-4.75,15300000000
2026-06-22,10,MRVL,マーベル・テクノロジー,307.86,-0.88,14800000000
2026-06-22,11,AMD,アドバンスト・マイクロ・デバイセズ,551.63,2.65,14200000000
2026-06-22,12,AAPL,アップル,297.01,-0.34,13400000000
2026-06-22,13,GOOG,アルファベット,348.78,-5.08,11100000000
2026-06-22,14,AVGO,ブロードコム,392.13,-4.67,10000000000
2026-06-22,15,WDC,ウエスタン・デジタル,732.62,-1.82,9700000000
2026-06-22,16,META,メタ・プラットフォームズ,563.85,-2.32,8600000000
2026-06-22,17,APGE,アポジー・セラピューティクス,132.55,46.66,8100000000
2026-06-22,18,STX,シーゲイト・テクノロジー・ホールディ,1094.04,2.22,7500000000
2026-06-22,19,PLTR,パランティア・テクノロジーズ,119.5,-6.98,6800000000
2026-06-22,20,AMAT,アプライド・マテリアルズ,640.18,3.74,6600000000
2026-06-22,21,TSM,台湾積体電路製造股分有限公司,467.67,1.2,6400000000
2026-06-22,22,NFLX,ネットフリックス,72.88,-5.82,6000000000
2026-06-22,23,LITE,ルメンタム・ホールディングス,893.93,5.17,5900000000
2026-06-22,24,LRCX,ラム・リサーチ,409.54,5.27,5700000000
2026-06-22,25,V,ビザ,326.6,-0.2,4900000000
2026-06-24,1,MU,マイクロン・テクノロジー,1048.51,-0.31,67600000000
2026-06-24,2,NVDA,エヌビディア,199.0,-0.52,29800000000
2026-06-24,3,SNDK,サンディスク,1914.46,-2.5,19400000000
2026-06-24,4,MSFT,マイクロソフト,365.46,-2.27,16300000000
2026-06-24,5,AMZN,アマゾン・ドット・コム,234.27,0.07,16300000000
2026-06-24,6,AAPL,アップル,293.08,-0.41,15600000000
2026-06-24,7,GOOGL,アルファベット,345.29,-0.24,15500000000
2026-06-24,8,TSLA,テスラ,375.53,-1.59,13900000000
2026-06-24,9,INTC,インテル,131.65,-0.48,13600000000
2026-06-24,10,AMD,アドバンスト・マイクロ・デバイセズ,519.74,-0.02,13400000000
2026-06-24,11,SPCX,スペース・エクスプロレーション・テク,154.54,-1.01,11700000000
2026-06-24,12,AVGO,ブロードコム,382.07,0.51,10900000000
2026-06-24,13,MRVL,マーベル・テクノロジー,276.7,-0.84,9500000000
2026-06-24,14,GOOG,アルファベット,345.04,-0.3,8200000000
2026-06-24,15,META,メタ・プラットフォームズ,557.67,-0.81,7700000000
2026-06-24,16,WDC,ウエスタン・デジタル,643.83,-4.01,7700000000
2026-06-24,17,AMAT,アプライド・マテリアルズ,588.97,0.53,6200000000
2026-06-24,18,ORCL,オラクル,157.53,-4.62,6000000000
2026-06-24,19,PLTR,パランティア・テクノロジーズ,113.5,-2.74,5300000000
2026-06-24,20,QCOM,クアルコム,197.41,-3.29,4900000000
2026-06-24,21,TSM,台湾積体電路製造股分有限公司,440.83,1.02,4300000000
2026-06-24,22,LRCX,ラム・リサーチ,374.8,0.93,4300000000
2026-06-24,23,STX,シーゲイト・テクノロジー・ホールディ,993.25,-4.37,4200000000
2026-06-24,24,CBRS,セレブラス・システムズ,182.26,-19.61,4000000000
2026-06-24,25,GLW,コーニング,205.83,6.06,4000000000
2026-06-25,1,MU,マイクロン・テクノロジー,1213.56,15.74,98000000000
2026-06-25,2,SNDK,サンディスク,2335.0,21.97,33400000000
2026-06-25,3,AAPL,アップル,275.15,-6.12,29700000000
2026-06-25,4,NVDA,エヌビディア,195.74,-1.64,29000000000
2026-06-25,5,MSFT,マイクロソフト,352.83,-3.46,22900000000
2026-06-25,6,AMZN,アマゾン・ドット・コム,227.01,-3.1,17400000000
2026-06-25,7,INTC,インテル,132.87,0.93,16100000000
2026-06-25,8,GOOGL,アルファベット,343.71,-0.46,14700000000
2026-06-25,9,AMD,アドバンスト・マイクロ・デバイセズ,532.57,2.47,14100000000
2026-06-25,10,TSLA,テスラ,375.12,-0.11,11300000000
2026-06-25,11,MRVL,マーベル・テクノロジー,281.26,1.65,10800000000
2026-06-25,12,AMAT,アプライド・マテリアルズ,668.0,13.42,10500000000
2026-06-25,13,SPCX,スペース・エクスプロレーション・テク,153.0,-1.0,9500000000
2026-06-25,14,META,メタ・プラットフォームズ,542.87,-2.65,9000000000
2026-06-25,15,GOOG,アルファベット,342.19,-0.83,8900000000
2026-06-25,16,AVGO,ブロードコム,378.91,-0.83,8800000000
2026-06-25,17,WDC,ウエスタン・デジタル,675.39,4.9,7900000000
2026-06-25,18,QCOM,クアルコム,204.9,3.79,7100000000
2026-06-25,19,LRCX,ラム・リサーチ,401.82,7.21,6600000000
2026-06-25,20,PLTR,パランティア・テクノロジーズ,107.27,-5.49,6500000000
2026-06-25,21,TSM,台湾積体電路製造股分有限公司,434.99,-1.32,6500000000
2026-06-25,22,STX,シーゲイト・テクノロジー・ホールディ,1025.36,3.23,5700000000
2026-06-25,23,GLW,コーニング,228.01,10.78,5600000000
2026-06-25,24,ORCL,オラクル,152.46,-3.22,5600000000
2026-06-25,25,CAT,キャタピラー,1057.01,6.29,4800000000
2026-06-26,1,MU,マイクロン・テクノロジー,1132.33,-6.69,98900000000
2026-06-26,2,AAPL,アップル,283.78,3.14,73700000000
2026-06-26,3,MSFT,マイクロソフト,372.97,5.71,68800000000
2026-06-26,4,AMZN,アマゾン・ドット・コム,232.69,2.5,57300000000
2026-06-26,5,GOOGL,アルファベット,337.39,-1.84,38500000000
2026-06-26,6,SNDK,サンディスク,2090.71,-10.46,35800000000
2026-06-26,7,NVDA,エヌビディア,192.53,-1.64,34400000000
2026-06-26,8,GOOG,アルファベット,334.69,-2.19,27600000000
2026-06-26,9,AMD,アドバンスト・マイクロ・デバイセズ,521.58,-2.06,27100000000
2026-06-26,10,TSLA,テスラ,379.71,1.22,20300000000
2026-06-26,11,SPCX,スペース・エクスプロレーション・テク,153.23,0.15,19400000000
2026-06-26,12,AMAT,アプライド・マテリアルズ,626.84,-6.16,17400000000
2026-06-26,13,BE,ブルーム・エネルギー,252.02,-18.49,14700000000
2026-06-26,14,WDC,ウエスタン・デジタル,586.45,-13.17,13900000000
2026-06-26,15,CAT,キャタピラー,997.47,-5.63,13900000000
2026-06-26,16,ABBV,アッヴィ,253.35,4.2,13200000000
2026-06-26,17,INTC,インテル,128.32,-3.42,12600000000
2026-06-26,18,AVGO,ブロードコム,365.02,-3.67,12500000000
2026-06-26,19,MRVL,マーベル・テクノロジー,266.77,-5.15,11200000000
2026-06-26,20,META,メタ・プラットフォームズ,550.25,1.36,10200000000
2026-06-26,21,GLW,コーニング,221.05,-3.05,9900000000
2026-06-26,22,CRDO,クレド・テクノロジー・グループ・ホー,238.0,-11.2,9300000000
2026-06-26,23,LLY,イーライ・リリー,1208.12,7.13,9300000000
2026-06-26,24,STX,シーゲイト・テクノロジー・ホールディ,899.9,-12.24,8600000000
2026-06-26,25,TXN,テキサス・インスツルメンツ,285.43,-8.46,8400000000
2026-07-02,1,MU,マイクロン・テクノロジー,975.56,-15.48,60700000000
2026-07-02,2,SNDK,サンディスク,1745.0,-23.25,31300000000
2026-07-02,3,TSLA,テスラ,393.45,-6.46,29400000000
2026-07-02,4,NVDA,エヌビディア,194.83,-2.63,27700000000
2026-07-02,5,AAPL,アップル,308.63,6.66,23100000000
2026-07-02,6,MSFT,マイクロソフト,390.49,4.68,16400000000
2026-07-02,7,INTC,インテル,120.35,-13.81,15200000000
2026-07-02,8,AMD,アドバンスト・マイクロ・デバイセズ,517.82,-10.86,14700000000
2026-07-02,9,META,メタ・プラットフォームズ,582.9,3.48,12800000000
2026-07-02,10,AMZN,アマゾン・ドット・コム,242.67,1.82,11800000000
2026-07-02,11,SPCX,スペース・エクスプロレーション・テク,162.0,-5.19,9700000000
2026-07-02,12,AVGO,ブロードコム,360.45,-4.58,9700000000
2026-07-02,13,MRVL,マーベル・テクノロジー,245.29,-17.66,9600000000
2026-07-02,14,GOOGL,アルファベット,359.91,0.71,9300000000
2026-07-02,15,AMAT,アプライド・マテリアルズ,603.04,-16.59,9100000000
2026-07-02,16,TSM,台湾積体電路製造股分有限公司,434.16,-9.09,8100000000
2026-07-02,17,PLTR,パランティア・テクノロジーズ,129.3,10.83,7900000000
2026-07-02,18,LRCX,ラム・リサーチ,351.41,-18.9,6800000000
2026-07-02,19,ORCL,オラクル,140.27,-4.29,6300000000
2026-07-02,20,KLAC,ケー・エル・エー,235.55,-21.93,5600000000
2026-07-02,21,GOOG,アルファベット,356.18,0.81,5500000000
2026-07-02,22,NBIS,ネビウス・グループ,215.62,-21.92,5400000000
2026-07-02,23,STX,シーゲイト・テクノロジー・ホールディ,820.16,-15.01,5200000000
2026-07-02,24,WDC,ウエスタン・デジタル,539.0,-15.61,4900000000
2026-07-02,25,ASML,ASMLホールディング,1769.32,-11.06,4800000000
2026-07-06,1,MU,マイクロン・テクノロジー,984.75,0.94,36100000000
2026-07-06,2,SPCX,スペース・エクスプロレーション・テク,160.42,-0.98,30200000000
2026-07-06,3,TSLA,テスラ,419.77,6.69,22200000000
2026-07-06,4,NVDA,エヌビディア,195.55,0.37,21000000000
2026-07-06,5,AAPL,アップル,312.66,1.31,16600000000
2026-07-06,6,AMD,アドバンスト・マイクロ・デバイセズ,552.05,6.61,16500000000
2026-07-06,7,SNDK,サンディスク,1744.43,-0.03,15800000000
2026-07-06,8,MSFT,マイクロソフト,386.74,-0.96,12600000000
2026-07-06,9,INTC,インテル,122.2,1.54,10700000000
2026-07-06,10,META,メタ・プラットフォームズ,600.29,2.98,10200000000
2026-07-06,11,GOOGL,アルファベット,366.46,1.82,9700000000
2026-07-06,12,AVGO,ブロードコム,373.9,3.73,9200000000
2026-07-06,13,AMZN,アマゾン・ドット・コム,244.16,0.61,9200000000
2026-07-06,14,GOOG,アルファベット,364.9,2.45,8100000000
2026-07-06,15,MRVL,マーベル・テクノロジー,249.27,1.62,6400000000
2026-07-06,16,TSM,台湾積体電路製造股分有限公司,451.79,4.06,5800000000
2026-07-06,17,AMAT,アプライド・マテリアルズ,592.79,-1.7,5200000000
2026-07-06,18,ORCL,オラクル,143.76,2.49,4900000000
2026-07-06,19,PLTR,パランティア・テクノロジーズ,132.54,2.51,4900000000
2026-07-06,20,LRCX,ラム・リサーチ,350.2,-0.34,4800000000
2026-07-06,21,WDC,ウエスタン・デジタル,577.46,7.14,4400000000
2026-07-06,22,V,ビザ,357.25,-1.35,4100000000
2026-07-06,23,ASML,ASMLホールディング,1825.07,3.15,3500000000
2026-07-06,24,BE,ブルーム・エネルギー,295.05,8.92,3400000000
2026-07-06,25,NFLX,ネットフリックス,76.02,-2.1,3400000000
2026-07-07,1,MU,"Micron Technology, Inc.",938.38,-4.71,48849218570
2026-07-07,2,NVDA,NVIDIA Corporation,196.93,0.71,24406837789
2026-07-07,3,SNDK,Sandisk Corporation,1617.7,-7.26,23375007916
2026-07-07,4,INTC,Intel Corporation,110.39,-9.66,15446545062
2026-07-07,5,TSLA,"Tesla, Inc.",402.9,-4.02,15337500504
2026-07-07,6,AMD,"Advanced Micro Devices, Inc.",516.11,-6.51,15014479095
2026-07-07,7,AAPL,Apple Inc.,310.66,-0.64,13189216000
2026-07-07,8,SPCX,Space Exploration Technologies Corp,149.47,-6.83,12491577988
2026-07-07,9,META,Meta Platforms Inc Class A,615.58,2.55,11408216651
2026-07-07,10,MSFT,Microsoft Corporation,388.84,0.54,11367375001
2026-07-07,11,AMZN,"Amazon.com, Inc.",245.98,0.75,9971403181
2026-07-07,12,AVGO,Broadcom Inc.,370.78,-0.83,8930506969
2026-07-07,13,GOOGL,Alphabet Inc. Class A,367.03,0.16,8817596254
2026-07-07,14,MRVL,"Marvell Technology, Inc.",230.7,-7.45,8318955949
2026-07-07,15,PLTR,Palantir Technologies Inc. Class A,134.37,1.38,7055739004
2026-07-07,16,AMAT,"Applied Materials, Inc.",554.5,-6.46,6953606886
2026-07-07,17,CRNX,Crinetics Pharmaceuticals Inc,83.53,98.74,6759424934
2026-07-07,18,ORCL,Oracle Corporation,141.6,-1.5,6671297938
2026-07-07,19,GOOG,Alphabet Inc. Class C,363.62,-0.35,5974114062
2026-07-07,20,LRCX,Lam Research Corporation,326.13,-6.87,5060699772
2026-07-07,21,GEV,GE Vernova Inc.,1077.08,-6.51,4546424690
2026-07-07,22,WDC,Western Digital Corporation,532.1,-7.86,4245120937
2026-07-07,23,KLAC,KLA Corporation,216.47,-7.22,3832113210
2026-07-07,24,LLY,Eli Lilly and Company,1235.56,2.96,3621632699
2026-07-07,25,CAT,Caterpillar Inc.,940.12,-3.07,3580650086
2026-07-08,1,MU,"Micron Technology, Inc.",948.8,1.11,40489941325
2026-07-08,2,NVDA,NVIDIA Corporation,204.12,3.65,30016519392
2026-07-08,3,SNDK,Sandisk Corporation,1727.18,6.77,20609214369
2026-07-08,4,TSLA,"Tesla, Inc.",394.06,-2.19,13313983061
2026-07-08,5,AAPL,Apple Inc.,313.39,0.88,12944510959
2026-07-08,6,AMD,"Advanced Micro Devices, Inc.",517.405,0.25,12280670281
2026-07-08,7,AVGO,Broadcom Inc.,388.69,4.83,12279831474
2026-07-08,8,INTC,Intel Corporation,110.24,-0.14,11593373284
2026-07-08,9,MSFT,Microsoft Corporation,383.34,-1.41,9921257424
2026-07-08,10,SPCX,Space Exploration Technologies Corp,148.3,-0.78,9006932727
2026-07-08,11,META,Meta Platforms Inc Class A,603.12,-2.02,8199445350
2026-07-08,12,GOOGL,Alphabet Inc. Class A,361.92,-1.39,7989407163
2026-07-08,13,AMZN,"Amazon.com, Inc.",243.62,-0.96,7220189084
2026-07-08,14,JPM,JPMorgan Chase & Co.,330.62,-2.54,6117368295
2026-07-08,15,MRVL,"Marvell Technology, Inc.",231.71,0.44,5898215355
2026-07-08,16,PLTR,Palantir Technologies Inc. Class A,132.22,-1.6,5360525119
2026-07-08,17,GOOG,Alphabet Inc. Class C,358.71,-1.35,5273958167
2026-07-08,18,BE,Bloom Energy Corporation Class A,254.29,-5.67,4872001868
2026-07-08,19,ORCL,Oracle Corporation,140.49,-0.78,4850925964
2026-07-08,20,AMAT,"Applied Materials, Inc.",570.5,2.89,4293125459
2026-07-08,21,STX,Seagate Technology Holdings PLC,860.02,3.91,4237416582
2026-07-08,22,DELL,"Dell Technologies, Inc. Class C",431.97,3.52,4216996541
2026-07-08,23,NBIS,Nebius Group N.V. Class A,216.48,10.91,3873487680
2026-07-08,24,WDC,Western Digital Corporation,550.3,3.42,3768961777
2026-07-08,25,V,Visa Inc. Class A,347.53,-1.33,3548962111
2026-07-09,1,MU,"Micron Technology, Inc.",991.64,4.52,40549209747
2026-07-09,2,NVDA,NVIDIA Corporation,202.78,-0.66,26723856272
2026-07-09,3,SNDK,Sandisk Corporation,1858.27,7.59,24670977875
2026-07-09,4,META,Meta Platforms Inc Class A,631.48,4.7,16624425835
2026-07-09,5,TSLA,"Tesla, Inc.",406.55,3.17,15356609491
2026-07-09,6,AAPL,Apple Inc.,316.22,0.9,15209619445
2026-07-09,7,AMD,"Advanced Micro Devices, Inc.",546.72,5.67,14690252682
2026-07-09,8,MSFT,Microsoft Corporation,384.36,0.27,11933826828
2026-07-09,9,AVGO,Broadcom Inc.,401.11,3.2,11248860003
2026-07-09,10,INTC,Intel Corporation,112.54,2.09,11158021049
2026-07-09,11,AMZN,"Amazon.com, Inc.",247.04,1.4,9399032805
2026-07-09,12,GOOGL,Alphabet Inc. Class A,358.89,-0.84,8865741497
2026-07-09,13,AMAT,"Applied Materials, Inc.",588.66,3.18,8477621132
2026-07-09,14,SPCX,Space Exploration Technologies Corp,152.16,2.6,7055224327
2026-07-09,15,GOOG,Alphabet Inc. Class C,356.24,-0.69,6129710177
2026-07-09,16,JPM,JPMorgan Chase & Co.,335.47,1.47,5223296415
2026-07-09,17,MRVL,"Marvell Technology, Inc.",243.27,4.99,5155702605
2026-07-09,18,ORCL,Oracle Corporation,144.22,2.65,5071755896
2026-07-09,19,PLTR,Palantir Technologies Inc. Class A,129.04,-2.41,4546760531
2026-07-09,20,LITE,"Lumentum Holdings, Inc.",785.77,11.13,4332622629
2026-07-09,21,LRCX,Lam Research Corporation,353.17,6.01,4277646250
2026-07-09,22,COST,Costco Wholesale Corporation,912.97,-4.21,4146258733
2026-07-09,23,STX,Seagate Technology Holdings PLC,890.09,3.5,4050892159
2026-07-09,24,WDC,Western Digital Corporation,578.05,5.04,3957931472
2026-07-09,25,DELL,"Dell Technologies, Inc. Class C",450.22,4.22,3566563151
2026-07-10,1,NVDA,NVIDIA Corporation,210.96,4.03,31263261924
2026-07-10,2,MU,"Micron Technology, Inc.",979.3,-1.24,30946392174
2026-07-10,3,META,Meta Platforms Inc Class A,669.21,5.97,27151944997
2026-07-10,4,SNDK,Sandisk Corporation,1915.92,3.1,21028858196
2026-07-10,5,SKHYV,SK Hynix Inc. TEMP,168.01,0.0,17974099751
2026-07-10,6,TSLA,"Tesla, Inc.",407.76,0.3,13600928993
2026-07-10,7,AMD,"Advanced Micro Devices, Inc.",557.89,2.04,11527233084
2026-07-10,8,AAPL,Apple Inc.,315.32,-0.28,10757523968
2026-07-10,9,MSFT,Microsoft Corporation,385.1,0.19,9480700650
2026-07-10,10,INTC,Intel Corporation,109.84,-2.4,7762765597
2026-07-10,11,AMZN,"Amazon.com, Inc.",245.34,-0.69,7759706504
2026-07-10,12,SPCX,Space Exploration Technologies Corp,145.3,-4.51,6764772058
2026-07-10,13,GOOGL,Alphabet Inc. Class A,357.18,-0.48,6475767696
2026-07-10,14,AVGO,Broadcom Inc.,399.97,-0.28,5833384463
2026-07-10,15,ORCL,Oracle Corporation,140.64,-2.48,4185202390
2026-07-10,16,GOOG,Alphabet Inc. Class C,355.03,-0.34,4122898775
2026-07-10,17,PLTR,Palantir Technologies Inc. Class A,126.79,-1.74,3945182298
2026-07-10,18,AMAT,"Applied Materials, Inc.",602.5,2.35,3779742780
2026-07-10,19,STX,Seagate Technology Holdings PLC,910.34,2.28,3685194692
2026-07-10,20,BE,Bloom Energy Corporation Class A,244.61,-4.83,3623601172
2026-07-10,21,MRVL,"Marvell Technology, Inc.",235.81,-3.07,3553670141
2026-07-10,22,NFLX,"Netflix, Inc.",73.37,-2.78,3421316030
2026-07-10,23,CSCO,"Cisco Systems, Inc.",121.31,2.54,3175557466
2026-07-10,24,LITE,"Lumentum Holdings, Inc.",802.01,2.07,2944601369
2026-07-10,25,HOOD,"Robinhood Markets, Inc. Class A",111.97,-2.73,2897119842
2026-07-13,1,MU,"Micron Technology, Inc.",937.0,-4.32,32984785602
2026-07-13,2,NVDA,NVIDIA Corporation,203.53,-3.52,24631200193
2026-07-13,3,SNDK,Sandisk Corporation,1673.97,-12.63,22994706521
2026-07-13,4,AAPL,Apple Inc.,317.31,0.63,13714280990
2026-07-13,5,META,Meta Platforms Inc Class A,656.73,-1.86,13013536422
2026-07-13,6,TSLA,"Tesla, Inc.",394.76,-3.19,12926311589
2026-07-13,7,AMD,"Advanced Micro Devices, Inc.",534.39,-4.21,12237205556
2026-07-13,8,MSFT,Microsoft Corporation,390.99,1.53,11288246485
2026-07-13,9,INTC,Intel Corporation,103.12,-6.12,10371776189
2026-07-13,10,SPCX,Space Exploration Technologies Corp,139.14,-4.24,9907451177
2026-07-13,11,SKHY,SK hynix Inc. TEMP,152.35,0.0,8658509835
2026-07-13,12,AMZN,"Amazon.com, Inc.",247.31,0.8,8557916971
2026-07-13,13,AVGO,Broadcom Inc.,384.05,-3.98,8165231363
2026-07-13,14,ORCL,Oracle Corporation,131.54,-6.47,7412615874
2026-07-13,15,GOOGL,Alphabet Inc. Class A,352.51,-1.31,5588824674
2026-07-13,16,MRVL,"Marvell Technology, Inc.",217.53,-7.75,5537865906
2026-07-13,17,PLTR,Palantir Technologies Inc. Class A,130.04,2.56,5164070066
2026-07-13,18,APP,AppLovin Corp. Class A,442.85,-12.65,4578266113
2026-07-13,19,AMAT,"Applied Materials, Inc.",575.39,-4.5,4344196802
2026-07-13,20,GOOG,Alphabet Inc. Class C,350.67,-1.23,3704807860
2026-07-13,21,V,Visa Inc. Class A,357.75,2.52,3564488275
2026-07-13,22,STX,Seagate Technology Holdings PLC,860.66,-5.46,3559985827
2026-07-13,23,LRCX,Lam Research Corporation,329.92,-5.83,3221156104
2026-07-13,24,LITE,"Lumentum Holdings, Inc.",768.15,-4.22,2831337144
2026-07-13,25,XOM,Exxonmobil Holdings Corporation,144.51,4.05,2704331961
2026-07-14,1,MU,"Micron Technology, Inc.",983.12,4.92,30094633361
2026-07-14,2,NVDA,NVIDIA Corporation,211.8,4.06,26283657550
2026-07-14,3,SNDK,Sandisk Corporation,1757.82,5.01,16828060862
2026-07-14,4,IBM,International Business Machines Corporation,217.07,-25.21,14609088198
2026-07-14,5,AMD,"Advanced Micro Devices, Inc.",548.13,2.57,11590909360
2026-07-14,6,AAPL,Apple Inc.,314.86,-0.77,11421748640
2026-07-14,7,META,Meta Platforms Inc Class A,661.04,0.66,11062134879
2026-07-14,8,MSFT,Microsoft Corporation,384.93,-1.55,10712453702
2026-07-14,9,INTC,Intel Corporation,107.76,4.5,9795157488
2026-07-14,10,TSLA,"Tesla, Inc.",396.18,0.36,9247459241
2026-07-14,11,AVGO,Broadcom Inc.,389.11,1.32,7820724614
2026-07-14,12,AMZN,"Amazon.com, Inc.",247.49,0.07,7439978053
2026-07-14,13,ORCL,Oracle Corporation,127.94,-2.74,6717738543
2026-07-14,14,PLTR,Palantir Technologies Inc. Class A,133.72,2.83,6665939593
2026-07-14,15,GOOGL,Alphabet Inc. Class A,359.51,1.99,6558021798
2026-07-14,16,SPCX,Space Exploration Technologies Corp,136.08,-2.2,6327854447
2026-07-14,17,JPM,JPMorgan Chase & Co.,342.89,2.5,4982851763
2026-07-14,18,MRVL,"Marvell Technology, Inc.",222.44,2.26,4591990189
2026-07-14,19,GS,"Goldman Sachs Group, Inc.",1140.0,9.0,4319482800
2026-07-14,20,C,Citigroup Inc.,133.27,-5.29,4279244926
2026-07-14,21,GOOG,Alphabet Inc. Class C,357.33,1.9,4014622560
2026-07-14,22,AMAT,"Applied Materials, Inc.",595.7,3.53,3872044639
2026-07-14,23,LRCX,Lam Research Corporation,346.1,4.9,3700107338
2026-07-14,24,NBIS,Nebius Group N.V. Class A,194.09,-7.8,3465269274
2026-07-14,25,WFC,Wells Fargo & Company,85.29,-2.71,3319717339
2026-07-15,1,MU,"Micron Technology, Inc.",904.28,-8.02,49281187390
2026-07-15,2,SNDK,Sandisk Corporation,1615.0,-8.12,30640474450
2026-07-15,3,NVDA,NVIDIA Corporation,212.5,0.33,26459408600
2026-07-15,4,AAPL,Apple Inc.,327.5,4.01,19943687590
2026-07-15,5,AMD,"Advanced Micro Devices, Inc.",529.14,-3.46,14700700823
2026-07-15,6,MSFT,Microsoft Corporation,395.63,2.78,14328357633
2026-07-15,7,META,Meta Platforms Inc Class A,681.31,3.07,12936689753
2026-07-15,8,TSLA,"Tesla, Inc.",394.46,-0.43,12418633496
2026-07-15,9,INTC,Intel Corporation,102.99,-4.43,12392783713
2026-07-15,10,AMZN,"Amazon.com, Inc.",254.96,3.02,11520705167
2026-07-15,11,GOOGL,Alphabet Inc. Class A,370.92,3.17,10473460325
2026-07-15,12,SPCX,Space Exploration Technologies Corp,135.27,-0.6,7835231224
2026-07-15,13,GOOG,Alphabet Inc. Class C,370.21,3.6,7492460285
2026-07-15,14,AVGO,Broadcom Inc.,394.28,1.33,6425538578
2026-07-15,15,ORCL,Oracle Corporation,132.49,3.56,6416265467
2026-07-15,16,IBM,International Business Machines Corporation,211.2,-2.7,6234035174
2026-07-15,17,MRVL,"Marvell Technology, Inc.",206.26,-7.27,5518708648
2026-07-15,18,DELL,"Dell Technologies, Inc. Class C",412.68,-9.8,5341341588
2026-07-15,19,PYPL,"PayPal Holdings, Inc.",55.52,17.2,5049878841
2026-07-15,20,AMAT,"Applied Materials, Inc.",579.43,-2.73,4729379509
2026-07-15,21,WDC,Western Digital Corporation,513.84,-8.78,4054277245
2026-07-15,22,STX,Seagate Technology Holdings PLC,828.3,-5.69,3898481750
2026-07-15,23,NBIS,Nebius Group N.V. Class A,199.51,2.79,3745246011
2026-07-15,24,JPM,JPMorgan Chase & Co.,346.91,1.17,3728436040
2026-07-15,25,PLTR,Palantir Technologies Inc. Class A,133.76,0.03,3482404816
2026-07-16,1,MU,"Micron Technology, Inc.",853.2,-5.65,39320995828
2026-07-16,2,NVDA,NVIDIA Corporation,207.4,-2.4,25407144392
2026-07-16,3,SNDK,Sandisk Corporation,1411.08,-12.63,24251086163
2026-07-16,4,AAPL,Apple Inc.,333.26,1.76,20924803530
2026-07-16,5,MSFT,Microsoft Corporation,401.1,1.38,14829524552
2026-07-16,6,GOOGL,Alphabet Inc. Class A,354.46,-4.44,14556847726
2026-07-16,7,AMD,"Advanced Micro Devices, Inc.",500.94,-5.33,13524201288
2026-07-16,8,TSLA,"Tesla, Inc.",391.06,-0.86,11399153023
2026-07-16,9,AMZN,"Amazon.com, Inc.",249.89,-1.99,11306852295
2026-07-16,10,META,Meta Platforms Inc Class A,664.54,-2.46,10486586070
2026-07-16,11,INTC,Intel Corporation,96.98,-5.84,10388447073
2026-07-16,12,AVGO,Broadcom Inc.,374.45,-5.03,8742104788
2026-07-16,13,GOOG,Alphabet Inc. Class C,353.81,-4.43,8331765193
2026-07-16,14,SPCX,Space Exploration Technologies Corp,131.11,-3.08,7212162599
2026-07-16,15,ORCL,Oracle Corporation,124.21,-6.25,6773818807
2026-07-16,16,MRVL,"Marvell Technology, Inc.",188.3,-8.71,6533026321
2026-07-16,17,NFLX,"Netflix, Inc.",74.35,0.91,5673983149
2026-07-16,18,UNH,UnitedHealth Group Incorporated,423.38,1.16,5619231031
2026-07-16,19,IBM,International Business Machines Corporation,219.05,3.72,4918373679
2026-07-16,20,WDC,Western Digital Corporation,466.81,-9.15,4903168711
2026-07-16,21,NBIS,Nebius Group N.V. Class A,171.77,-13.9,4849348803
2026-07-16,22,AMAT,"Applied Materials, Inc.",560.93,-3.19,4706997538
2026-07-16,23,STX,Seagate Technology Holdings PLC,745.49,-10.0,4627083476
2026-07-16,24,JPM,JPMorgan Chase & Co.,343.15,-1.08,4264171319
2026-07-16,25,PLTR,Palantir Technologies Inc. Class A,134.44,0.51,3873643113
2026-07-17,1,MU,"Micron Technology, Inc.",848.95,-0.5,53557770623
2026-07-17,2,NVDA,NVIDIA Corporation,202.81,-2.21,29219823979
2026-07-17,3,SNDK,Sandisk Corporation,1354.82,-3.99,26759135174
2026-07-17,4,AAPL,Apple Inc.,333.74,0.14,21150914340
2026-07-17,5,AMD,"Advanced Micro Devices, Inc.",495.76,-1.03,15905256886
2026-07-17,6,META,Meta Platforms Inc Class A,646.01,-2.79,14359317769
2026-07-17,7,MSFT,Microsoft Corporation,393.82,-1.82,13004018708
2026-07-17,8,INTC,Intel Corporation,95.04,-2.0,12017837938
2026-07-17,9,TSLA,"Tesla, Inc.",380.84,-2.61,11935648230
2026-07-17,10,AMZN,"Amazon.com, Inc.",247.23,-1.06,10762438611
2026-07-17,11,GOOGL,Alphabet Inc. Class A,346.77,-2.17,10381689380
2026-07-17,12,SPCX,Space Exploration Technologies Corp,123.99,-5.43,10354010488
2026-07-17,13,NFLX,"Netflix, Inc.",68.95,-7.26,9787745882
2026-07-17,14,AVGO,Broadcom Inc.,370.825,-0.97,8619674716
2026-07-17,15,GOOG,Alphabet Inc. Class C,346.12,-2.17,7614795754
2026-07-17,16,WDC,Western Digital Corporation,477.22,2.23,5616039970
2026-07-17,17,MRVL,"Marvell Technology, Inc.",188.68,0.2,5584709509
2026-07-17,18,STX,Seagate Technology Holdings PLC,787.66,5.66,5521424923
2026-07-17,19,AMAT,"Applied Materials, Inc.",529.66,-5.57,5457406365
2026-07-17,20,ORCL,Oracle Corporation,126.41,1.77,5039826638
2026-07-17,21,UNH,UnitedHealth Group Incorporated,426.09,0.64,4564493386
2026-07-17,22,NBIS,Nebius Group N.V. Class A,177.71,3.46,4418621247
2026-07-17,23,PLTR,Palantir Technologies Inc. Class A,132.38,-1.53,4216897916
2026-07-17,24,LRCX,Lam Research Corporation,313.3,-2.39,4009628752
2026-07-17,25,ISRG,"Intuitive Surgical, Inc.",345.42,-14.15,3991569203
2026-07-17,26,BE,Bloom Energy Corporation Class A,214.96,3.98,3662800817
2026-07-17,27,LITE,"Lumentum Holdings, Inc.",732.82,3.77,3617495579
2026-07-17,28,GEV,GE Vernova Inc.,1057.84,2.09,3473364748
2026-07-17,29,LLY,Eli Lilly and Company,1179.11,0.85,3250515030
2026-07-17,30,WMT,Walmart Inc.,114.24,-0.62,3230402979
2026-07-17,31,CSCO,"Cisco Systems, Inc.",111.94,2.08,3185623893
2026-07-17,32,JPM,JPMorgan Chase & Co.,341.1,-0.6,3155171589
2026-07-17,33,CAT,Caterpillar Inc.,880.28,0.35,2971864012
2026-07-17,34,DELL,"Dell Technologies, Inc. Class C",396.34,1.27,2887729277
2026-07-17,35,XOM,Exxonmobil Holdings Corporation,147.36,0.97,2803024155
2026-07-17,36,PANW,"Palo Alto Networks, Inc.",358.68,1.32,2797594961
2026-07-17,37,QCOM,QUALCOMM Incorporated,171.78,0.69,2797494331
2026-07-17,38,IBM,International Business Machines Corporation,212.67,-2.91,2794228596
2026-07-17,39,KLAC,KLA Corporation,212.75,-3.02,2777868878
2026-07-17,40,BAC,Bank of America Corp,61.27,-0.36,2759741108
2026-07-17,41,HOOD,"Robinhood Markets, Inc. Class A",99.96,-5.72,2756806936
2026-07-17,42,BRK.B,Berkshire Hathaway Inc. Class B,490.91,-0.45,2743378862
2026-07-17,43,KO,Coca-Cola Company,81.56,-3.96,2682674701
2026-07-17,44,V,Visa Inc. Class A,358.56,-1.8,2652998348
2026-07-17,45,AAL,American Airlines Group Inc.,14.98,-3.97,2648167246
2026-07-17,46,CRWV,"CoreWeave, Inc. Class A",73.21,0.41,2625421586
2026-07-17,47,JNJ,Johnson & Johnson,253.04,1.23,2572643763
2026-07-17,48,APP,AppLovin Corp. Class A,424.54,-2.29,2388906533
2026-07-17,49,COST,Costco Wholesale Corporation,940.87,-0.5,2359224939
2026-07-17,50,GS,"Goldman Sachs Group, Inc.",1065.22,-2.76,2303110032
2026-07-20,1,MU,"Micron Technology, Inc.",865.46,1.94,32470803418
2026-07-20,2,NVDA,NVIDIA Corporation,203.28,0.23,18002189972
2026-07-20,3,AAPL,Apple Inc.,326.59,-2.14,17444087332
2026-07-20,4,SNDK,Sandisk Corporation,1390.95,2.67,17429137625
2026-07-20,5,TSLA,"Tesla, Inc.",369.57,-2.96,12501856091
2026-07-20,6,AMD,"Advanced Micro Devices, Inc.",503.57,1.58,11768107104
2026-07-20,7,MSFT,Microsoft Corporation,402.29,2.15,11215995656
2026-07-20,8,GOOGL,Alphabet Inc. Class A,351.99,1.51,8699235384
2026-07-20,9,INTC,Intel Corporation,97.06,2.13,8687024325
2026-07-20,10,AMZN,"Amazon.com, Inc.",249.99,1.12,8094737698
2026-07-20,11,SPCX,Space Exploration Technologies Corp,119.85,-3.34,6844047913
2026-07-20,12,META,Meta Platforms Inc Class A,645.85,-0.02,6591240905
2026-07-20,13,AVGO,Broadcom Inc.,378.16,1.98,5446933445
2026-07-20,14,MRVL,"Marvell Technology, Inc.",194.94,3.32,4877080853
2026-07-20,15,GOOG,Alphabet Inc. Class C,351.37,1.52,4632312045
2026-07-20,16,ORCL,Oracle Corporation,121.38,-3.98,4458755199
2026-07-20,17,PLTR,Palantir Technologies Inc. Class A,134.85,1.87,4118415553
2026-07-20,18,NFLX,"Netflix, Inc.",67.6,-1.96,4093967540
2026-07-20,19,STX,Seagate Technology Holdings PLC,802.45,1.88,3900833027
2026-07-20,20,IREN,IREN Limited,40.2,19.57,3743828412
2026-07-20,21,AMAT,"Applied Materials, Inc.",525.7,-0.75,3444701820
2026-07-20,22,BE,Bloom Energy Corporation Class A,197.06,-8.33,3396925995
2026-07-20,23,LITE,"Lumentum Holdings, Inc.",765.55,4.47,3386515305
2026-07-20,24,NBIS,Nebius Group N.V. Class A,182.62,2.76,3067303052
2026-07-20,25,LLY,Eli Lilly and Company,1146.9,-2.73,3031830150
2026-07-20,26,V,Visa Inc. Class A,360.57,0.56,2746447267
2026-07-20,27,GEV,GE Vernova Inc.,1079.18,2.02,2741596356
2026-07-20,28,WDC,Western Digital Corporation,487.42,2.14,2624750364
2026-07-20,29,JPM,JPMorgan Chase & Co.,338.87,-0.65,2616361051
2026-07-20,30,AAL,American Airlines Group Inc.,15.14,1.07,2511791435
2026-07-20,31,LRCX,Lam Research Corporation,306.76,-2.09,2475020358
2026-07-20,32,CAT,Caterpillar Inc.,864.3,-1.82,2393522412
2026-07-20,33,CRM,"Salesforce, Inc.",173.79,1.77,2333000755
2026-07-20,34,NU,Nu Holdings Ltd. Class A,13.99,2.94,2250523244
2026-07-20,35,APP,AppLovin Corp. Class A,424.6,0.01,2173739275
2026-07-20,36,NOW,"ServiceNow, Inc.",104.7,1.41,2147267905
2026-07-20,37,PATH,"UiPath, Inc. Class A",12.16,0.08,2071398580
2026-07-20,38,IBM,International Business Machines Corporation,213.0,0.16,2040102711
2026-07-20,39,UNH,UnitedHealth Group Incorporated,421.55,-1.07,2030917032
2026-07-20,40,JNJ,Johnson & Johnson,248.82,-1.67,2018815999
2026-07-20,41,ISRG,"Intuitive Surgical, Inc.",353.17,2.24,2018405399
2026-07-20,42,WMT,Walmart Inc.,112.2,-1.79,1989063424
2026-07-20,43,PANW,"Palo Alto Networks, Inc.",348.66,-2.79,1940356705
2026-07-20,44,T,AT&T Inc,21.95,0.64,1924486817
2026-07-20,45,HOOD,"Robinhood Markets, Inc. Class A",99.28,-0.68,1856933021
2026-07-20,46,BAC,Bank of America Corp,60.42,-1.39,1856823694
2026-07-20,47,GS,"Goldman Sachs Group, Inc.",1055.03,-0.96,1811477015
2026-07-20,48,DELL,"Dell Technologies, Inc. Class C",381.88,-3.65,1802110814
2026-07-20,49,XOM,Exxonmobil Holdings Corporation,148.36,0.68,1801826266
2026-07-20,50,CSCO,"Cisco Systems, Inc.",110.7,-1.11,1751086474
2026-07-21,1,MU,"Micron Technology, Inc.",970.82,12.17,47667847404
2026-07-21,2,SNDK,Sandisk Corporation,1589.4,14.27,22547498598
2026-07-21,3,NVDA,NVIDIA Corporation,207.29,1.97,22491757055
2026-07-21,4,AMD,"Advanced Micro Devices, Inc.",544.43,8.11,15781321090
2026-07-21,5,AAPL,Apple Inc.,327.74,0.35,13531122473
2026-07-21,6,TSLA,"Tesla, Inc.",378.93,2.53,12383021640
2026-07-21,7,INTC,Intel Corporation,105.45,8.64,11084604627
2026-07-21,8,SPCX,Space Exploration Technologies Corp,123.54,3.08,9821524632
2026-07-21,9,MSFT,Microsoft Corporation,397.75,-1.13,9574735846
2026-07-21,10,GOOGL,Alphabet Inc. Class A,347.15,-1.38,8090139817
2026-07-21,11,AMZN,"Amazon.com, Inc.",247.55,-0.98,6849642157
2026-07-21,12,AVGO,Broadcom Inc.,386.5,2.21,6675240727
2026-07-21,13,GOOG,Alphabet Inc. Class C,346.19,-1.47,6014498385
2026-07-21,14,META,Meta Platforms Inc Class A,643.81,-0.32,5869588086
2026-07-21,15,NBIS,Nebius Group N.V. Class A,216.92,18.78,5548231170
2026-07-21,16,STX,Seagate Technology Holdings PLC,891.83,11.14,5402888965
2026-07-21,17,DHR,Danaher Corporation,179.01,-10.99,5029237975
2026-07-21,18,MRVL,"Marvell Technology, Inc.",207.96,6.68,4591316965
2026-07-21,19,AMAT,"Applied Materials, Inc.",564.55,7.39,4306303282
2026-07-21,20,WDC,Western Digital Corporation,548.39,12.51,4071608201
2026-07-21,21,NFLX,"Netflix, Inc.",68.67,1.58,3878215504
2026-07-21,22,LRCX,Lam Research Corporation,322.0,4.97,3841590410
2026-07-21,23,GEV,GE Vernova Inc.,1078.81,-0.03,3804653252
2026-07-21,24,ORCL,Oracle Corporation,127.05,4.67,3510853200
2026-07-21,25,LITE,"Lumentum Holdings, Inc.",837.56,9.41,3378555391
2026-07-21,26,BE,Bloom Energy Corporation Class A,226.26,14.82,3376472550
2026-07-21,27,T,AT&T Inc,22.26,1.41,3112467927
2026-07-21,28,PLTR,Palantir Technologies Inc. Class A,132.66,-1.62,3065532485
2026-07-21,29,UNH,UnitedHealth Group Incorporated,436.35,3.51,2981013168
2026-07-21,30,TXN,Texas Instruments Incorporated,291.3,2.55,2970648270
2026-07-21,31,CAT,Caterpillar Inc.,889.97,2.97,2864801860
2026-07-21,32,IBM,International Business Machines Corporation,210.5,-1.17,2511048396
2026-07-21,33,WMT,Walmart Inc.,110.39,-1.61,2503997786
2026-07-21,34,LLY,Eli Lilly and Company,1175.41,2.49,2458046777
2026-07-21,35,COIN,"Coinbase Global, Inc. Class A",175.85,9.61,2401866744
2026-07-21,36,PANW,"Palo Alto Networks, Inc.",342.15,-1.87,2304606411
2026-07-21,37,QCOM,QUALCOMM Incorporated,173.5,1.87,2293848532
2026-07-21,38,MOH,"Molina Healthcare, Inc.",226.54,-1.38,2189837810
2026-07-21,39,BRK.B,Berkshire Hathaway Inc. Class B,489.65,-0.33,2186187851
2026-07-21,40,CRM,"Salesforce, Inc.",170.06,-2.15,2181386149
2026-07-21,41,ONDS,Ondas Inc.,7.66,11.5,2170683048
2026-07-21,42,KLAC,KLA Corporation,217.56,4.8,2162321443
2026-07-21,43,V,Visa Inc. Class A,355.82,-1.32,2144358837
2026-07-21,44,PATH,"UiPath, Inc. Class A",12.04,-0.99,2131172383
2026-07-21,45,DELL,"Dell Technologies, Inc. Class C",404.15,5.83,2123799359
2026-07-21,46,NU,Nu Holdings Ltd. Class A,14.39,2.86,2117146550
2026-07-21,47,IREN,IREN Limited,41.29,2.71,2103910025
2026-07-21,48,HOOD,"Robinhood Markets, Inc. Class A",106.36,7.13,2088285110
2026-07-21,49,APP,AppLovin Corp. Class A,428.69,0.96,2083859089
2026-07-21,50,JPM,JPMorgan Chase & Co.,345.23,1.88,2076326801
2026-07-22,1,MU,"Micron Technology, Inc.",959.48,-1.17,30014427454
2026-07-22,2,NVDA,NVIDIA Corporation,212.06,2.3,29134425271
2026-07-22,3,SNDK,Sandisk Corporation,1599.27,0.62,16711527085
2026-07-22,4,AMD,"Advanced Micro Devices, Inc.",552.33,1.45,13654270890
2026-07-22,5,GOOGL,Alphabet Inc. Class A,342.09,-1.46,13277000378
2026-07-22,6,AAPL,Apple Inc.,325.89,-0.56,12621178397
2026-07-22,7,TSLA,"Tesla, Inc.",374.01,-1.3,11301530484
2026-07-22,8,MSFT,Microsoft Corporation,390.34,-1.86,10965576096
2026-07-22,9,SPCX,Space Exploration Technologies Corp,115.26,-6.7,10642109096
2026-07-22,10,AMZN,"Amazon.com, Inc.",244.85,-1.09,8319204789
2026-07-22,11,INTC,Intel Corporation,102.62,-2.68,8021484405
2026-07-22,12,GOOG,Alphabet Inc. Class C,341.91,-1.24,7858136335
2026-07-22,13,META,Meta Platforms Inc Class A,627.17,-2.58,6884690313
2026-07-22,14,AVGO,Broadcom Inc.,396.81,2.67,6718934930
2026-07-22,15,SMCI,"Super Micro Computer, Inc.",30.56,19.84,4974963187
2026-07-22,16,GEV,GE Vernova Inc.,985.03,-8.69,4819831577
2026-07-22,17,PLTR,Palantir Technologies Inc. Class A,124.57,-6.1,4797081203
2026-07-22,18,STX,Seagate Technology Holdings PLC,908.1,1.82,4774298518
2026-07-22,19,T,AT&T Inc,23.04,3.5,4314669005
2026-07-22,20,NOW,"ServiceNow, Inc.",95.46,-6.47,4129043927
2026-07-22,21,NBIS,Nebius Group N.V. Class A,218.16,0.57,3676054903
2026-07-22,22,MRVL,"Marvell Technology, Inc.",210.99,1.46,3549329903
2026-07-22,23,APP,AppLovin Corp. Class A,412.48,-3.78,3225461194
2026-07-22,24,LITE,"Lumentum Holdings, Inc.",829.7,-0.94,3210482665
2026-07-22,25,DELL,"Dell Technologies, Inc. Class C",441.8,9.32,3181892198
2026-07-22,26,BAC,Bank of America Corp,61.62,0.65,3172367671
2026-07-22,27,TXN,Texas Instruments Incorporated,294.19,0.99,3150806967
2026-07-22,28,NFLX,"Netflix, Inc.",68.53,-0.2,3075445001
2026-07-22,29,WDC,Western Digital Corporation,556.67,1.51,3017678566
2026-07-22,30,IBM,International Business Machines Corporation,205.77,-2.25,2983151604
2026-07-22,31,JPM,JPMorgan Chase & Co.,348.21,0.86,2797955099
2026-07-22,32,AMAT,"Applied Materials, Inc.",553.92,-1.88,2746608443
2026-07-22,33,ORCL,Oracle Corporation,125.84,-0.95,2648844793
2026-07-22,34,WMT,Walmart Inc.,109.33,-0.96,2566854332
2026-07-22,35,JNJ,Johnson & Johnson,255.63,2.0,2326016226
2026-07-22,36,CBRS,"Cerebras Systems, Inc. Class A",209.8,0.59,2257962639
2026-07-22,37,XOM,Exxonmobil Holdings Corporation,154.45,1.81,2128574607
2026-07-22,38,PANW,"Palo Alto Networks, Inc.",335.28,-2.01,2124640191
2026-07-22,39,BE,Bloom Energy Corporation Class A,218.22,-3.55,2032278714
2026-07-22,40,LRCX,Lam Research Corporation,319.29,-0.84,2024330210
2026-07-22,41,CRM,"Salesforce, Inc.",163.0,-4.15,1987062095
2026-07-22,42,DHR,Danaher Corporation,179.14,0.07,1949426022
2026-07-22,43,KLAC,KLA Corporation,214.69,-1.32,1942477764
2026-07-22,44,CRWV,"CoreWeave, Inc. Class A",82.64,3.85,1932388474
2026-07-22,45,UNH,UnitedHealth Group Incorporated,431.31,-1.16,1825455741
2026-07-22,46,LLY,Eli Lilly and Company,1163.01,-1.05,1808751531
2026-07-22,47,TEL,TE Connectivity plc,200.28,-4.18,1760846338
2026-07-22,48,CAT,Caterpillar Inc.,889.31,-0.07,1757709654
2026-07-22,49,AAL,American Airlines Group Inc.,14.79,-3.21,1752916198
2026-07-22,50,IREN,IREN Limited,41.28,-0.02,1719954606
2026-07-23,1,MU,"Micron Technology, Inc.",990.21,3.2,39679447568
2026-07-23,2,TSLA,"Tesla, Inc.",319.69,-14.52,36868777058
2026-07-23,3,NVDA,NVIDIA Corporation,208.76,-1.56,23034056709
2026-07-23,4,GOOGL,Alphabet Inc. Class A,317.69,-7.13,22005272479
2026-07-23,5,SNDK,Sandisk Corporation,1610.33,0.69,20487350960
2026-07-23,6,GOOG,Alphabet Inc. Class C,318.34,-6.89,14857438417
2026-07-23,7,AMD,"Advanced Micro Devices, Inc.",539.69,-2.29,14616003851
2026-07-23,8,INTC,Intel Corporation,100.23,-2.33,13785939200
2026-07-23,9,AAPL,Apple Inc.,321.66,-1.3,13131006844
2026-07-23,10,MSFT,Microsoft Corporation,381.58,-2.24,11566965040
2026-07-23,11,AMZN,"Amazon.com, Inc.",233.66,-4.57,11083062762
2026-07-23,12,META,Meta Platforms Inc Class A,606.1,-3.36,9381070942
2026-07-23,13,SPCX,Space Exploration Technologies Corp,118.24,2.59,8857363130
2026-07-23,14,AVGO,Broadcom Inc.,392.47,-1.09,6409498607
2026-07-23,15,NOW,"ServiceNow, Inc.",91.94,-3.69,4498367963
2026-07-23,16,STX,Seagate Technology Holdings PLC,913.36,0.58,4160336533
2026-07-23,17,JPM,JPMorgan Chase & Co.,349.9,0.49,3817472332
2026-07-23,18,LITE,"Lumentum Holdings, Inc.",833.64,0.47,3784900664
2026-07-23,19,ORCL,Oracle Corporation,120.04,-4.61,3685657143
2026-07-23,20,GEV,GE Vernova Inc.,1031.19,4.69,3669264816
2026-07-23,21,PLTR,Palantir Technologies Inc. Class A,123.37,-0.96,3663087112
2026-07-23,22,MRVL,"Marvell Technology, Inc.",209.32,-0.79,3416285974
2026-07-23,23,NBIS,Nebius Group N.V. Class A,220.97,1.29,3375929279
2026-07-23,24,TXN,Texas Instruments Incorporated,284.99,-3.13,3344904831
2026-07-23,25,TMO,Thermo Fisher Scientific Inc.,572.32,8.71,3322765154
2026-07-23,26,AMAT,"Applied Materials, Inc.",562.8,1.6,3203263997
2026-07-23,27,WDC,Western Digital Corporation,558.3,0.29,3171797769
2026-07-23,28,IBM,International Business Machines Corporation,206.65,0.43,3160768785
2026-07-23,29,NFLX,"Netflix, Inc.",68.89,0.53,3100060816
2026-07-23,30,SMCI,"Super Micro Computer, Inc.",31.2,2.09,2704549942
2026-07-23,31,LRCX,Lam Research Corporation,319.78,0.15,2579623369
2026-07-23,32,NU,Nu Holdings Ltd. Class A,14.19,-2.21,2573000005
2026-07-23,33,XOM,Exxonmobil Holdings Corporation,156.89,1.58,2481319839
2026-07-23,34,CAT,Caterpillar Inc.,894.54,0.59,2394151329
2026-07-23,35,T,AT&T Inc,22.96,-0.35,2377459646
2026-07-23,36,WMT,Walmart Inc.,108.4,-0.85,2331895163
2026-07-23,37,UNP,Union Pacific Corporation,304.33,4.02,2266544542
2026-07-23,38,LLY,Eli Lilly and Company,1185.87,1.97,2260369019
2026-07-23,39,DELL,"Dell Technologies, Inc. Class C",439.34,-0.56,2247221025
2026-07-23,40,DHR,Danaher Corporation,192.5,7.46,2223921700
2026-07-23,41,APP,AppLovin Corp. Class A,398.86,-3.3,2139104129
2026-07-23,42,RTX,RTX Corporation,209.16,7.33,2090767125
2026-07-23,43,JNJ,Johnson & Johnson,259.27,1.42,2090096031
2026-07-23,44,UNH,UnitedHealth Group Incorporated,423.56,-1.8,2060707924
2026-07-23,45,BE,Bloom Energy Corporation Class A,217.3,-0.42,2047183952
2026-07-23,46,CRM,"Salesforce, Inc.",156.93,-3.72,2004387483
2026-07-23,47,GS,"Goldman Sachs Group, Inc.",1074.72,-2.14,1989823660
2026-07-23,48,PANW,"Palo Alto Networks, Inc.",325.63,-2.88,1932757653
2026-07-23,49,KLAC,KLA Corporation,218.73,1.88,1915920814
2026-07-23,50,LMT,Lockheed Martin Corporation,568.59,10.54,1860655622
2026-07-24,1,MU,"Micron Technology, Inc.",920.95,-6.99,37399876200
2026-07-24,2,NVDA,NVIDIA Corporation,206.84,-0.92,23728024153
2026-07-24,3,SNDK,Sandisk Corporation,1436.56,-10.79,20170276388
2026-07-24,4,TSLA,"Tesla, Inc.",313.03,-2.08,19603797372
2026-07-24,5,INTC,Intel Corporation,92.32,-7.89,16668013552
2026-07-24,6,AAPL,Apple Inc.,333.02,3.53,15803757824
2026-07-24,7,AMD,"Advanced Micro Devices, Inc.",521.95,-3.29,14172989066
2026-07-24,8,MSFT,Microsoft Corporation,381.7,0.03,10548259652
2026-07-24,9,GOOGL,Alphabet Inc. Class A,319.74,0.65,10154208916
2026-07-24,10,AMZN,"Amazon.com, Inc.",232.11,-0.66,8120525953
2026-07-24,11,GOOG,Alphabet Inc. Class C,319.09,0.24,6891330889
2026-07-24,12,META,Meta Platforms Inc Class A,595.19,-1.8,6836880274
2026-07-24,13,SPCX,Space Exploration Technologies Corp,115.07,-2.68,6277487930
2026-07-24,14,AVGO,Broadcom Inc.,381.92,-2.69,5780134631
2026-07-24,15,ORCL,Oracle Corporation,114.99,-4.21,5322056527
2026-07-24,16,NBIS,Nebius Group N.V. Class A,187.77,-15.02,4513532829
2026-07-24,17,STX,Seagate Technology Holdings PLC,851.69,-6.75,4431525332
2026-07-24,18,MRVL,"Marvell Technology, Inc.",194.23,-7.21,3844958434
2026-07-24,19,AMAT,"Applied Materials, Inc.",536.25,-4.72,3356047159
2026-07-24,20,BE,Bloom Energy Corporation Class A,184.89,-14.91,2951132644
2026-07-24,21,NOW,"ServiceNow, Inc.",98.78,7.44,2921467791
2026-07-24,22,LRCX,Lam Research Corporation,305.21,-4.56,2830905767
2026-07-24,23,LITE,"Lumentum Holdings, Inc.",762.99,-8.47,2782414708
2026-07-24,24,JPM,JPMorgan Chase & Co.,353.21,0.95,2654830557
2026-07-24,25,NFLX,"Netflix, Inc.",70.09,1.74,2633216747
2026-07-24,26,PLTR,Palantir Technologies Inc. Class A,122.92,-0.36,2598070923
2026-07-24,27,GEV,GE Vernova Inc.,1014.75,-1.59,2525028808
2026-07-24,28,WDC,Western Digital Corporation,519.8,-6.9,2462146536
2026-07-24,29,KLAC,KLA Corporation,210.52,-3.75,2378930525
2026-07-24,30,LLY,Eli Lilly and Company,1196.03,0.86,2371256254
2026-07-24,31,HOOD,"Robinhood Markets, Inc. Class A",94.91,-6.57,2313687697
2026-07-24,32,TXN,Texas Instruments Incorporated,279.58,-1.9,2311991283
2026-07-24,33,IBM,International Business Machines Corporation,214.19,3.65,2262766774
2026-07-24,34,CSCO,"Cisco Systems, Inc.",114.17,1.25,2183968434
2026-07-24,35,DLR,"Digital Realty Trust, Inc.",199.08,11.01,2143005021
2026-07-24,36,AXP,American Express Company,326.17,-4.3,2075584752
2026-07-24,37,WMT,Walmart Inc.,109.47,0.99,2013552975
2026-07-24,38,DELL,"Dell Technologies, Inc. Class C",437.5,-0.42,2011896688
2026-07-24,39,T,AT&T Inc,24.13,5.1,1946331495
2026-07-24,40,BRK.B,Berkshire Hathaway Inc. Class B,494.93,0.83,1945746520
2026-07-24,41,APP,AppLovin Corp. Class A,391.98,-1.72,1901593759
2026-07-24,42,XOM,Exxonmobil Holdings Corporation,156.94,0.03,1896451503
2026-07-24,43,VZ,Verizon Communications Inc.,46.38,5.84,1889954760
2026-07-24,44,UBER,"Uber Technologies, Inc.",65.94,-4.31,1842394592
2026-07-24,45,CRWV,"CoreWeave, Inc. Class A",71.88,-11.37,1825262928
2026-07-24,46,BAC,Bank of America Corp,62.05,1.26,1801066092
2026-07-24,47,CRM,"Salesforce, Inc.",163.66,4.29,1783337883
2026-07-24,48,CAT,Caterpillar Inc.,888.73,-0.65,1761095815
2026-07-24,49,JNJ,Johnson & Johnson,263.4,1.59,1672820738
2026-07-24,50,TMO,Thermo Fisher Scientific Inc.,568.26,-0.71,1670368447
2026-07-27,1,MU,"Micron Technology, Inc.",900.2,-2.25,42649751217
2026-07-27,2,NVDA,NVIDIA Corporation,196.51,-4.99,30269139788
2026-07-27,3,SNDK,Sandisk Corporation,1278.23,-11.02,27030517624
2026-07-27,4,AAPL,Apple Inc.,336.91,1.17,16698446197
2026-07-27,5,AMD,"Advanced Micro Devices, Inc.",494.95,-5.17,15703854277
2026-07-27,6,TSLA,"Tesla, Inc.",309.22,-1.22,13855584183
2026-07-27,7,INTC,Intel Corporation,91.67,-0.7,12180143857
2026-07-27,8,MSFT,Microsoft Corporation,389.1,1.94,10826714893
2026-07-27,9,GOOGL,Alphabet Inc. Class A,326.56,2.13,9283191657
2026-07-27,10,AMZN,"Amazon.com, Inc.",231.39,-0.31,8087814932
2026-07-27,11,SPCX,Space Exploration Technologies Corp,113.5,-1.36,7296966756
2026-07-27,12,AVGO,Broadcom Inc.,383.22,0.34,7082339788
2026-07-27,13,GOOG,Alphabet Inc. Class C,326.57,2.34,6988284493
2026-07-27,14,META,Meta Platforms Inc Class A,593.87,-0.22,6623212972
2026-07-27,15,PLTR,Palantir Technologies Inc. Class A,131.53,7.0,4820873599
2026-07-27,16,ORCL,Oracle Corporation,119.9,4.27,4413040119
2026-07-27,17,AMAT,"Applied Materials, Inc.",516.89,-3.61,4137186009
2026-07-27,18,LRCX,Lam Research Corporation,291.61,-4.46,4113925984
2026-07-27,19,MRVL,"Marvell Technology, Inc.",189.17,-2.61,4084609905
2026-07-27,20,STX,Seagate Technology Holdings PLC,816.99,-4.07,3789454521
2026-07-27,21,GEV,GE Vernova Inc.,996.57,-1.79,3570032642
2026-07-27,22,NOW,"ServiceNow, Inc.",105.56,6.86,3428988556
2026-07-27,23,NBIS,Nebius Group N.V. Class A,187.88,0.06,3403321448
2026-07-27,24,WDC,Western Digital Corporation,497.92,-4.21,3091782456
2026-07-27,25,CRM,"Salesforce, Inc.",173.6,6.07,3005759008
2026-07-27,26,BE,Bloom Energy Corporation Class A,188.18,1.78,2942123921
2026-07-27,27,KLAC,KLA Corporation,203.36,-3.4,2886989462
2026-07-27,28,JPM,JPMorgan Chase & Co.,356.2,0.85,2809092936
2026-07-27,29,CAT,Caterpillar Inc.,873.28,-1.74,2751065166
2026-07-27,30,NFLX,"Netflix, Inc.",70.4,0.44,2749635046
2026-07-27,31,GS,"Goldman Sachs Group, Inc.",1048.23,-1.22,2661571275
2026-07-27,32,LITE,"Lumentum Holdings, Inc.",711.96,-6.69,2659642629
2026-07-27,33,JNJ,Johnson & Johnson,265.95,0.97,2563633004
2026-07-27,34,TXN,Texas Instruments Incorporated,279.41,-0.06,2535105930
2026-07-27,35,V,Visa Inc. Class A,362.53,1.91,2404198539
2026-07-27,36,BAC,Bank of America Corp,62.13,0.13,2292624524
2026-07-27,37,XOM,Exxonmobil Holdings Corporation,154.77,-1.38,2160062208
2026-07-27,38,APP,AppLovin Corp. Class A,412.73,5.29,2124173140
2026-07-27,39,WMT,Walmart Inc.,111.74,2.07,2122825234
2026-07-27,40,QCOM,QUALCOMM Incorporated,170.04,1.84,2121806731
2026-07-27,41,DELL,"Dell Technologies, Inc. Class C",426.91,-2.42,2114655567
2026-07-27,42,GLW,Corning Inc,143.36,-2.24,2008269599
2026-07-27,43,COST,Costco Wholesale Corporation,951.58,1.77,2007558793
2026-07-27,44,ADI,"Analog Devices, Inc.",371.89,0.01,1931367576
2026-07-27,45,UNH,UnitedHealth Group Incorporated,417.64,-0.74,1927853387
2026-07-27,46,LLY,Eli Lilly and Company,1197.53,0.13,1907613796
2026-07-27,47,CSCO,"Cisco Systems, Inc.",114.57,0.35,1830244064
2026-07-27,48,ISRG,"Intuitive Surgical, Inc.",356.83,5.73,1827036684
2026-07-27,49,T,AT&T Inc,24.42,1.2,1818318939
2026-07-27,50,IBM,International Business Machines Corporation,216.28,0.98,1809044646
2026-07-28,1,MU,"Micron Technology, Inc.",820.53,-8.85,48297930191
2026-07-28,2,SNDK,Sandisk Corporation,1096.1,-14.25,28364510799
2026-07-28,3,NVDA,NVIDIA Corporation,197.01,0.25,26262802417
2026-07-28,4,AAPL,Apple Inc.,340.08,0.94,17586772311
2026-07-28,5,AMD,"Advanced Micro Devices, Inc.",454.62,-8.15,16383135030
2026-07-28,6,INTC,Intel Corporation,86.3,-5.86,13179713303
2026-07-28,7,MSFT,Microsoft Corporation,393.35,1.09,12691960119
2026-07-28,8,TSLA,"Tesla, Inc.",307.44,-0.58,12172909100
2026-07-28,9,AMZN,"Amazon.com, Inc.",230.86,-0.23,10255465615
2026-07-28,10,GOOGL,Alphabet Inc. Class A,333.71,2.19,9818406944
2026-07-28,11,SPCX,Space Exploration Technologies Corp,116.41,2.56,9473425428
2026-07-28,12,AVGO,Broadcom Inc.,380.91,-0.6,7722216617
2026-07-28,13,META,Meta Platforms Inc Class A,593.41,-0.08,7093210720
2026-07-28,14,GOOG,Alphabet Inc. Class C,332.6,1.85,6957832352
2026-07-28,15,STX,Seagate Technology Holdings PLC,747.3,-8.53,6579541571
2026-07-28,16,GLW,Corning Inc,126.01,-12.1,5803832089
2026-07-28,17,PLTR,Palantir Technologies Inc. Class A,123.53,-6.08,5372101546
2026-07-28,18,MRVL,"Marvell Technology, Inc.",174.47,-7.77,5043797196
2026-07-28,19,NBIS,Nebius Group N.V. Class A,169.69,-9.68,4858999674
2026-07-28,20,WDC,Western Digital Corporation,463.51,-6.91,4826145844
2026-07-28,21,BE,Bloom Energy Corporation Class A,166.84,-11.34,4779600787
2026-07-28,22,AMAT,"Applied Materials, Inc.",476.46,-7.82,4692252884
2026-07-28,23,LRCX,Lam Research Corporation,269.61,-7.54,4326509857
2026-07-28,24,V,Visa Inc. Class A,366.59,1.12,4052586464
2026-07-28,25,ORCL,Oracle Corporation,119.96,0.05,3904305611
2026-07-28,26,NOW,"ServiceNow, Inc.",110.62,4.79,3715295599
2026-07-28,27,DELL,"Dell Technologies, Inc. Class C",392.1,-8.15,3689548075
2026-07-28,28,GEV,GE Vernova Inc.,943.38,-5.34,3678265035
2026-07-28,29,LITE,"Lumentum Holdings, Inc.",651.93,-8.43,3654589846
2026-07-28,30,NFLX,"Netflix, Inc.",72.39,2.83,3406636626
2026-07-28,31,BRK.B,Berkshire Hathaway Inc. Class B,512.37,3.06,3260254886
2026-07-28,32,KLAC,KLA Corporation,190.8,-6.18,3255249676
2026-07-28,33,CSCO,"Cisco Systems, Inc.",115.58,0.88,3230743246
2026-07-28,34,CAT,Caterpillar Inc.,840.85,-3.71,3203287866
2026-07-28,35,CRM,"Salesforce, Inc.",181.5,4.55,3114535100
2026-07-28,36,TXN,Texas Instruments Incorporated,277.07,-0.84,3089075041
2026-07-28,37,KO,Coca-Cola Company,88.27,5.0,3086427547
2026-07-28,38,IBM,International Business Machines Corporation,227.55,5.21,3001645955
2026-07-28,39,LLY,Eli Lilly and Company,1220.66,1.93,2900111164
2026-07-28,40,WMT,Walmart Inc.,113.1,1.22,2808333282
2026-07-28,41,JNJ,Johnson & Johnson,266.73,0.29,2798418600
2026-07-28,42,CLS,Celestica Inc.,350.2,10.04,2751563774
2026-07-28,43,QCOM,QUALCOMM Incorporated,162.88,-4.21,2619301132
2026-07-28,44,COST,Costco Wholesale Corporation,966.58,1.58,2593269379
2026-07-28,45,UNH,UnitedHealth Group Incorporated,428.79,2.67,2537668837
2026-07-28,46,XOM,Exxonmobil Holdings Corporation,153.04,-1.12,2490970252
2026-07-28,47,JPM,JPMorgan Chase & Co.,357.31,0.31,2335192001
2026-07-28,48,APP,AppLovin Corp. Class A,418.22,1.33,2331520040
2026-07-28,49,BA,Boeing Company,221.56,4.76,2319036394
2026-07-28,50,GS,"Goldman Sachs Group, Inc.",1033.34,-1.42,2246236258
2026-07-29,1,MU,"Micron Technology, Inc.",739.0,-9.94,51198451341
2026-07-29,2,NVDA,NVIDIA Corporation,190.01,-3.55,27988817678
2026-07-29,3,SNDK,Sandisk Corporation,1015.89,-7.32,24631734218
2026-07-29,4,AAPL,Apple Inc.,338.19,-0.56,18934637183
2026-07-29,5,MSFT,Microsoft Corporation,390.54,-0.71,17951858060
2026-07-29,6,AMD,"Advanced Micro Devices, Inc.",429.56,-5.51,13845114854
2026-07-29,7,META,Meta Platforms Inc Class A,585.61,-1.31,12837567908
2026-07-29,8,INTC,Intel Corporation,81.88,-5.12,12415011358
2026-07-29,9,TSLA,"Tesla, Inc.",298.32,-2.97,11725608705
2026-07-29,10,AMZN,"Amazon.com, Inc.",226.65,-1.82,10098009298
2026-07-29,11,GOOGL,Alphabet Inc. Class A,336.71,0.9,9226965816
2026-07-29,12,AVGO,Broadcom Inc.,370.32,-2.78,7894308080
2026-07-29,13,BE,Bloom Energy Corporation Class A,163.75,-1.85,7227377256
2026-07-29,14,STX,Seagate Technology Holdings PLC,764.43,2.29,7076762706
2026-07-29,15,GOOG,Alphabet Inc. Class C,335.76,0.95,6783163196
2026-07-29,16,SPCX,Space Exploration Technologies Corp,112.55,-3.32,6051301510
2026-07-29,17,NBIS,Nebius Group N.V. Class A,148.22,-12.65,5842248561
2026-07-29,18,VRT,Vertiv Holdings Co. Class A,223.04,-17.26,4734313060
2026-07-29,19,NOW,"ServiceNow, Inc.",115.76,4.65,4672908461
2026-07-29,20,CAT,Caterpillar Inc.,782.71,-6.91,4671700908
2026-07-29,21,AMAT,"Applied Materials, Inc.",436.45,-8.4,4430574166
2026-07-29,22,WDC,Western Digital Corporation,462.04,-0.32,4255598166
2026-07-29,23,MRVL,"Marvell Technology, Inc.",163.4,-6.34,4177287176
2026-07-29,24,V,Visa Inc. Class A,368.73,0.58,4163524382
2026-07-29,25,LRCX,Lam Research Corporation,252.35,-6.4,4058263427
2026-07-29,26,LITE,"Lumentum Holdings, Inc.",602.35,-7.61,3841444358
2026-07-29,27,KLAC,KLA Corporation,170.19,-10.8,3469563799
2026-07-29,28,CRM,"Salesforce, Inc.",188.38,3.79,3415039483
2026-07-29,29,PLTR,Palantir Technologies Inc. Class A,123.0,-0.43,3334705767
2026-07-29,30,GEV,GE Vernova Inc.,900.28,-4.57,3324399136
2026-07-29,31,ORCL,Oracle Corporation,117.74,-1.85,3288325962
2026-07-29,32,NFLX,"Netflix, Inc.",73.63,1.71,3215201652
2026-07-29,33,GLW,Corning Inc,124.05,-1.56,3173346123
2026-07-29,34,GS,"Goldman Sachs Group, Inc.",980.75,-5.09,3137303522
2026-07-29,35,QCOM,QUALCOMM Incorporated,155.68,-4.42,2970854984
2026-07-29,36,SOFI,SoFi Technologies Inc,15.25,-8.9,2945350932
2026-07-29,37,TER,"Teradyne, Inc.",319.41,-0.39,2943112413
2026-07-29,38,JPM,JPMorgan Chase & Co.,344.71,-3.53,2849754454
2026-07-29,39,TXN,Texas Instruments Incorporated,271.3,-2.08,2771133079
2026-07-29,40,WMT,Walmart Inc.,114.22,0.99,2680112677
2026-07-29,41,LLY,Eli Lilly and Company,1210.02,-0.87,2627647971
2026-07-29,42,ADBE,Adobe Inc.,263.43,5.72,2599011444
2026-07-29,43,BRK.B,Berkshire Hathaway Inc. Class B,509.16,-0.63,2575446350
2026-07-29,44,CSCO,"Cisco Systems, Inc.",112.48,-2.68,2559399840
2026-07-29,45,SNOW,"Snowflake, Inc.",282.9,4.64,2480700592
2026-07-29,46,BSX,Boston Scientific Corporation,46.04,-0.04,2360962829
2026-07-29,47,DELL,"Dell Technologies, Inc. Class C",369.64,-5.73,2341872702
2026-07-29,48,BAC,Bank of America Corp,61.07,-2.48,2315093347
2026-07-29,49,XOM,Exxonmobil Holdings Corporation,156.75,2.42,2284577014
2026-07-29,50,CRWV,"CoreWeave, Inc. Class A",60.82,-9.63,2245987417
2026-07-30,1,MU,"Micron Technology, Inc.",874.66,18.36,54570933052
2026-07-30,2,MSFT,Microsoft Corporation,451.1,15.51,49643737244
2026-07-30,3,SNDK,Sandisk Corporation,1279.96,25.99,30926241205
2026-07-30,4,NVDA,NVIDIA Corporation,195.04,2.65,25095163700
2026-07-30,5,AAPL,Apple Inc.,333.43,-1.41,24711869031
2026-07-30,6,AMZN,"Amazon.com, Inc.",235.5,3.9,23861975092
2026-07-30,7,META,Meta Platforms Inc Class A,539.03,-7.95,22745468854
2026-07-30,8,AMD,"Advanced Micro Devices, Inc.",485.39,13.0,17881248718
2026-07-30,9,INTC,Intel Corporation,91.13,11.3,12716622120
2026-07-30,10,TSLA,"Tesla, Inc.",308.85,3.53,11702519531
2026-07-30,11,GOOGL,Alphabet Inc. Class A,333.66,-0.91,10042078268
2026-07-30,12,AVGO,Broadcom Inc.,387.84,4.73,9159521096
2026-07-30,13,NBIS,Nebius Group N.V. Class A,188.43,27.13,7942589998
2026-07-30,14,BE,Bloom Energy Corporation Class A,207.12,26.49,7287712307
2026-07-30,15,LRCX,Lam Research Corporation,297.72,17.98,6570160283
2026-07-30,16,STX,Seagate Technology Holdings PLC,851.68,11.41,6272128374
2026-07-30,17,SPCX,Space Exploration Technologies Corp,112.2,-0.31,6260582275
2026-07-30,18,AMAT,"Applied Materials, Inc.",501.77,14.97,6098401689
2026-07-30,19,GOOG,Alphabet Inc. Class C,333.68,-0.62,5761789702
2026-07-30,20,MRVL,"Marvell Technology, Inc.",183.3,12.18,5451478742
2026-07-30,21,ORCL,Oracle Corporation,127.56,8.34,5254552803
2026-07-30,22,WDC,Western Digital Corporation,533.04,15.37,4465899204
2026-07-30,23,NFLX,"Netflix, Inc.",73.17,-0.62,3967866565
2026-07-30,24,LITE,"Lumentum Holdings, Inc.",693.24,15.09,3886772763
2026-07-30,25,QCOM,QUALCOMM Incorporated,151.6,-2.62,3685714663
2026-07-30,26,LLY,Eli Lilly and Company,1154.97,-4.55,3498017215
2026-07-30,27,PLTR,Palantir Technologies Inc. Class A,122.26,-0.6,3390340711
2026-07-30,28,VRT,Vertiv Holdings Co. Class A,227.5,2.0,3297203455
2026-07-30,29,NOW,"ServiceNow, Inc.",110.07,-4.92,3270579254
2026-07-30,30,CRWV,"CoreWeave, Inc. Class A",73.9,21.51,3255166562
2026-07-30,31,WMT,Walmart Inc.,111.1,-2.73,3191554146
2026-07-30,32,KLAC,KLA Corporation,180.33,5.96,3151833527
2026-07-30,33,GEV,GE Vernova Inc.,981.98,9.07,3080319053
2026-07-30,34,V,Visa Inc. Class A,366.27,-0.67,3073733445
2026-07-30,35,MA,Mastercard Incorporated Class A,577.35,2.49,3062045007
2026-07-30,36,APP,AppLovin Corp. Class A,403.87,1.1,3047051737
2026-07-30,37,CSCO,"Cisco Systems, Inc.",113.56,0.96,2904339699
2026-07-30,38,CAT,Caterpillar Inc.,809.14,3.38,2837300386
2026-07-30,39,IREN,IREN Limited,38.26,30.54,2784841830
2026-07-30,40,TER,"Teradyne, Inc.",365.49,14.43,2671782338
2026-07-30,41,JPM,JPMorgan Chase & Co.,350.85,1.78,2668870340
2026-07-30,42,TXN,Texas Instruments Incorporated,278.76,2.75,2576222146
2026-07-30,43,HOOD,"Robinhood Markets, Inc. Class A",86.6,-3.61,2564320221
2026-07-30,44,GLW,Corning Inc,135.22,9.0,2561789821
2026-07-30,45,DELL,"Dell Technologies, Inc. Class C",404.81,9.51,2492101442
2026-07-30,46,SBUX,Starbucks Corporation,105.85,1.64,2477912934
2026-07-30,47,GS,"Goldman Sachs Group, Inc.",1024.86,4.5,2388908690
2026-07-30,48,ADI,"Analog Devices, Inc.",366.67,3.76,2334762425
2026-07-30,49,MPWR,"Monolithic Power Systems, Inc.",1316.18,5.4,2265185265
2026-07-30,50,PANW,"Palo Alto Networks, Inc.",325.68,3.67,2234352066
2026-07-31,1,MU,"Micron Technology, Inc.",823.03,-5.9,44723674064
2026-07-31,2,AAPL,Apple Inc.,308.91,-7.35,40895549857
2026-07-31,3,AMZN,"Amazon.com, Inc.",271.58,15.32,35021179309
2026-07-31,4,MSFT,Microsoft Corporation,464.72,3.02,28254554034
2026-07-31,5,NVDA,NVIDIA Corporation,200.75,2.93,28062015410
2026-07-31,6,SNDK,Sandisk Corporation,1214.83,-5.09,25661156583
2026-07-31,7,GOOGL,Alphabet Inc. Class A,356.13,6.73,16544985331
2026-07-31,8,META,Meta Platforms Inc Class A,556.71,3.28,13482457894
2026-07-31,9,AMD,"Advanced Micro Devices, Inc.",476.15,-1.9,12635073070
2026-07-31,10,TSLA,"Tesla, Inc.",311.21,0.76,11376912373
2026-07-31,11,GOOG,Alphabet Inc. Class C,356.65,6.88,10869696590
2026-07-31,12,INTC,Intel Corporation,90.2,-1.02,9812238146
2026-07-31,13,AVGO,Broadcom Inc.,389.28,0.37,7933906337
2026-07-31,14,SPCX,Space Exploration Technologies Corp,108.37,-3.41,6348273094
2026-07-31,15,APP,AppLovin Corp. Class A,395.9,-1.97,6117036252
2026-07-31,16,STX,Seagate Technology Holdings PLC,856.13,0.52,5244916068
2026-07-31,17,WDC,Western Digital Corporation,544.84,2.21,5171313445
2026-07-31,18,MRVL,"Marvell Technology, Inc.",187.56,2.32,5019585754
2026-07-31,19,NBIS,Nebius Group N.V. Class A,190.41,1.05,4885104693
2026-07-31,20,BE,Bloom Energy Corporation Class A,205.81,-0.63,4509827884
2026-07-31,21,ORCL,Oracle Corporation,129.87,1.81,4467650338
2026-07-31,22,RDDT,"Reddit, Inc. Class A",140.67,-20.99,4202795480
2026-07-31,23,AMAT,"Applied Materials, Inc.",507.67,1.18,3760993998
2026-07-31,24,LRCX,Lam Research Corporation,293.02,-1.58,3679490526
2026-07-31,25,PLTR,Palantir Technologies Inc. Class A,123.06,0.65,3573600378
2026-07-31,26,LLY,Eli Lilly and Company,1148.84,-0.53,3312766303
2026-07-31,27,LITE,"Lumentum Holdings, Inc.",713.94,2.99,3242494159
2026-07-31,28,COIN,"Coinbase Global, Inc. Class A",146.26,-10.59,3049982889
2026-07-31,29,V,Visa Inc. Class A,366.13,-0.04,2866173648
2026-07-31,30,MA,Mastercard Incorporated Class A,573.1,-0.74,2623297051
2026-07-31,31,VRT,Vertiv Holdings Co. Class A,241.57,6.18,2619601990
2026-07-31,32,NFLX,"Netflix, Inc.",71.71,-2.0,2569557037
2026-07-31,33,WMT,Walmart Inc.,111.2,0.09,2534533228
2026-07-31,34,LIN,Linde plc,478.38,-5.95,2497544004
2026-07-31,35,KLAC,KLA Corporation,182.82,1.38,2469477531
2026-07-31,36,XOM,Exxonmobil Holdings Corporation,155.44,-0.97,2438342669
2026-07-31,37,TXN,Texas Instruments Incorporated,275.74,-1.08,2435900671
2026-07-31,38,IREN,IREN Limited,36.8,-3.82,2405292896
2026-07-31,39,GEV,GE Vernova Inc.,990.29,0.85,2333718404
2026-07-31,40,JPM,JPMorgan Chase & Co.,351.79,0.27,2322002911
2026-07-31,41,NOW,"ServiceNow, Inc.",111.23,1.05,2278235773
2026-07-31,42,RBLX,Roblox Corp. Class A,35.6,-26.85,2245018378
2026-07-31,43,MPWR,"Monolithic Power Systems, Inc.",1426.03,8.35,2204358600
2026-07-31,44,CSCO,"Cisco Systems, Inc.",115.99,2.14,2181883482
2026-07-31,45,SNOW,"Snowflake, Inc.",293.28,-1.62,2164080273
2026-07-31,46,QCOM,QUALCOMM Incorporated,147.61,-2.63,2036575022
2026-07-31,47,IBM,International Business Machines Corporation,223.65,0.86,2032517557
2026-07-31,48,BRK.B,Berkshire Hathaway Inc. Class B,511.54,0.36,2014950945
2026-07-31,49,GLW,Corning Inc,138.25,2.24,2005657451
2026-07-31,50,HOOD,"Robinhood Markets, Inc. Class A",86.56,-0.05,1982947122
2026-08-03,1,MU,"Micron Technology, Inc.",829.5,0.79,35166547154
2026-08-03,2,MSFT,Microsoft Corporation,487.65,4.93,32515710056
2026-08-03,3,NVDA,NVIDIA Corporation,206.64,2.93,26496467726
2026-08-03,4,AMZN,"Amazon.com, Inc.",284.02,4.58,25723201181
2026-08-03,5,AAPL,Apple Inc.,303.42,-1.78,22719736419
2026-08-03,6,SNDK,Sandisk Corporation,1288.03,6.03,18882352356
2026-08-03,7,META,Meta Platforms Inc Class A,590.24,6.02,15291280983
2026-08-03,8,GOOGL,Alphabet Inc. Class A,373.51,4.88,14425688653
2026-08-03,9,TSLA,"Tesla, Inc.",322.08,3.49,12308037588
2026-08-03,10,AMD,"Advanced Micro Devices, Inc.",484.64,1.78,11778550014
2026-08-03,11,GOOG,Alphabet Inc. Class C,372.47,4.44,10101779728
2026-08-03,12,PLTR,Palantir Technologies Inc. Class A,125.65,2.1,9435922595
2026-08-03,13,INTC,Intel Corporation,91.0,0.89,8757137571
2026-08-03,14,SPCX,Space Exploration Technologies Corp,114.53,5.68,8018615461
2026-08-03,15,ORCL,Oracle Corporation,141.85,9.22,7033779632
2026-08-03,16,AVGO,Broadcom Inc.,392.23,0.76,6785199321
2026-08-03,17,NBIS,Nebius Group N.V. Class A,212.58,11.64,6069926839
2026-08-03,18,STX,Seagate Technology Holdings PLC,831.06,-2.93,4425545753
2026-08-03,19,WDC,Western Digital Corporation,527.22,-3.23,4358235133
2026-08-03,20,MRVL,"Marvell Technology, Inc.",193.775,3.31,4052079794
2026-08-03,21,BE,Bloom Energy Corporation Class A,218.32,6.08,4017648209
2026-08-03,22,CRWV,"CoreWeave, Inc. Class A",85.76,19.49,3811434253
2026-08-03,23,LLY,Eli Lilly and Company,1121.36,-2.39,3285070096
2026-08-03,24,LITE,"Lumentum Holdings, Inc.",779.89,9.24,3265503935
2026-08-03,25,AMAT,"Applied Materials, Inc.",518.21,2.08,3093461850
2026-08-03,26,LRCX,Lam Research Corporation,294.61,0.54,2946609381
2026-08-03,27,NOW,"ServiceNow, Inc.",114.19,2.66,2793877937
2026-08-03,28,CAT,Caterpillar Inc.,830.03,1.87,2745666197
2026-08-03,29,FERG,Ferguson Enterprises Inc.,250.08,6.72,2713734867
2026-08-03,30,WMT,Walmart Inc.,110.71,-0.44,2647890040
2026-08-03,31,AZN,AstraZeneca PLC,157.97,-6.88,2576529245
2026-08-03,32,BA,Boeing Company,233.49,8.03,2563297817
2026-08-03,33,PANW,"Palo Alto Networks, Inc.",347.13,4.61,2535083795
2026-08-03,34,VRT,Vertiv Holdings Co. Class A,263.05,8.89,2501276688
2026-08-03,35,NFLX,"Netflix, Inc.",73.33,2.26,2484857080
2026-08-03,36,SNOW,"Snowflake, Inc.",307.53,4.86,2455673795
2026-08-03,37,CRM,"Salesforce, Inc.",185.95,1.05,2398332522
2026-08-03,38,JPM,JPMorgan Chase & Co.,352.64,0.24,2269385451
2026-08-03,39,XOM,Exxonmobil Holdings Corporation,155.06,-0.24,2253071109
2026-08-03,40,BRK.B,Berkshire Hathaway Inc. Class B,513.14,0.31,2179651436
2026-08-03,41,BMY,Bristol-Myers Squibb Company,65.47,0.24,2158565279
2026-08-03,42,TXN,Texas Instruments Incorporated,269.04,-2.43,2156127723
2026-08-03,43,CRWD,"CrowdStrike Holdings, Inc. Class A",202.54,6.12,2084530945
2026-08-03,44,QCOM,QUALCOMM Incorporated,151.57,2.68,2074238785
2026-08-03,45,DELL,"Dell Technologies, Inc. Class C",429.02,5.83,2072187622
2026-08-03,46,JNJ,Johnson & Johnson,254.41,-0.76,2069474485
2026-08-03,47,CSCO,"Cisco Systems, Inc.",115.86,-0.11,2051695919
2026-08-03,48,GEV,GE Vernova Inc.,1006.76,1.66,2023743648
2026-08-03,49,V,Visa Inc. Class A,365.67,-0.13,2018859682
2026-08-03,50,KO,Coca-Cola Company,86.86,-0.83,2014483612
2026-08-04,1,MU,"Micron Technology, Inc.",892.67,7.62,33299507353
2026-08-04,2,PLTR,Palantir Technologies Inc. Class A,162.66,29.45,28407225428
2026-08-04,3,NVDA,NVIDIA Corporation,211.94,2.56,28384147157
2026-08-04,4,MSFT,Microsoft Corporation,492.81,1.06,24822929884
2026-08-04,5,AMD,"Advanced Micro Devices, Inc.",518.58,7.0,24764107523
2026-08-04,6,AAPL,Apple Inc.,309.38,1.96,21017622636
2026-08-04,7,SNDK,Sandisk Corporation,1427.62,10.84,20800491926
2026-08-04,8,AMZN,"Amazon.com, Inc.",277.42,-2.32,19331455641
2026-08-04,9,SPCX,Space Exploration Technologies Corp,125.33,9.43,17852975756
2026-08-04,10,GOOGL,Alphabet Inc. Class A,377.65,1.11,13472805369
2026-08-04,11,INTC,Intel Corporation,100.86,10.84,12458402596
2026-08-04,12,AVGO,Broadcom Inc.,418.16,6.61,12349104883
2026-08-04,13,FERG,Ferguson Enterprises Inc.,255.51,2.17,11799945445
2026-08-04,14,TSLA,"Tesla, Inc.",327.35,1.64,10877493182
2026-08-04,15,META,Meta Platforms Inc Class A,587.94,-0.39,10543997196
2026-08-04,16,EA,Electronic Arts Inc.,209.7,-0.1,10198176534
2026-08-04,17,GOOG,Alphabet Inc. Class C,375.35,0.77,7492196947
2026-08-04,18,MRVL,"Marvell Technology, Inc.",218.59,12.81,7397437748
2026-08-04,19,ORCL,Oracle Corporation,145.74,2.74,6360153353
2026-08-04,20,LITE,"Lumentum Holdings, Inc.",849.47,8.92,5638160897
2026-08-04,21,CAT,Caterpillar Inc.,876.54,5.6,5457604508
2026-08-04,22,LRCX,Lam Research Corporation,317.74,7.85,5017068210
2026-08-04,23,NBIS,Nebius Group N.V. Class A,225.74,6.19,4811477441
2026-08-04,24,LLY,Eli Lilly and Company,1115.68,-0.51,4560887568
2026-08-04,25,AMAT,"Applied Materials, Inc.",546.62,5.48,4354098877
2026-08-04,26,BE,Bloom Energy Corporation Class A,228.11,4.48,4292639219
2026-08-04,27,WDC,Western Digital Corporation,548.56,4.05,4272453526
2026-08-04,28,STX,Seagate Technology Holdings PLC,845.35,1.72,4246779723
2026-08-04,29,ALAB,"Astera Labs, Inc.",361.67,12.65,3629359535
2026-08-04,30,DELL,"Dell Technologies, Inc. Class C",467.27,8.92,3537698366
2026-08-04,31,WMT,Walmart Inc.,111.55,0.76,3302385879
2026-08-04,32,CSCO,"Cisco Systems, Inc.",121.74,5.08,3241850252
2026-08-04,33,NFLX,"Netflix, Inc.",73.57,0.33,3150340896
2026-08-04,34,GLW,Corning Inc,159.89,9.04,3102819744
2026-08-04,35,CRWV,"CoreWeave, Inc. Class A",91.9,7.16,3080194196
2026-08-04,36,JPM,JPMorgan Chase & Co.,357.52,1.38,3030543664
2026-08-04,37,PANW,"Palo Alto Networks, Inc.",366.34,5.53,2997280315
2026-08-04,38,APP,AppLovin Corp. Class A,419.7,3.33,2990490508
2026-08-04,39,COHR,Coherent Corp.,323.73,12.35,2897971394
2026-08-04,40,GS,"Goldman Sachs Group, Inc.",1052.98,2.52,2793764430
2026-08-04,41,V,Visa Inc. Class A,369.59,1.07,2770741573
2026-08-04,42,AAOI,"Applied Optoelectronics, Inc.",131.63,19.44,2755410527
2026-08-04,43,ANET,Arista Networks Inc,190.51,3.04,2673075530
2026-08-04,44,QCOM,QUALCOMM Incorporated,162.67,7.32,2658255863
2026-08-04,45,SHOP,"Shopify, Inc. Class A",123.3,5.38,2640592800
2026-08-04,46,KLAC,KLA Corporation,195.45,6.95,2589371244
2026-08-04,47,TXN,Texas Instruments Incorporated,283.63,5.42,2546307895
2026-08-04,48,BRK.B,Berkshire Hathaway Inc. Class B,517.22,0.8,2466362536
2026-08-04,49,AMIX,"Autonomix Medical, Inc.",19.5,434.25,2327576706
2026-08-04,50,SPOT,Spotify Technology SA,478.17,-1.68,2322629486
